Augmented_SMILES,calc_PCE_percent
CCCCCCCCC(CCCCCC)Cn1nc2c(-c3ccc(C)s3)c(F)c(F)c(-c3ccc(-c4cc5c(-c6cc(F)c(CC(CC)CCCC)s6)c6sc(C)cc6c(-c6cc(F)c(CCCCC(C)CC)s6)c5s4)s3)c2n1.CCCCCCCCn1nc2c(/C=c3/sc(=C(C#N)C#N)n(CC)c3=O)ccc(-c3cc4sc5c(c4s3)C(c3ccc(CCCCCC)cc3)(c3ccc(CCCCCC)cc3)c3cc4c(cc3-5)C(c3ccc(CCCCCC)cc3)(c3ccc(CCCCCC)cc3)c3c-4sc4cc(-c5ccc(/C=c6/sc(=C(C#N)C#N)n(CC)c6=O)c6nn(CCCCCCCC)nc56)sc34)c2n1,6.678917093193974
CCCCCCCCCCCCSSc1ccc(-c2c3cc(-c4ccc(-c5c(F)c(F)c(-c6ccc(C)s6)c6nn(CC(CCCCCC)CCCCCCCC)nc56)s4)sc3c(-c3ccc(SSCCCCCCCCCCCC)s3)c3cc(C)sc23)s1.CCCCCCc1ccc(C2(c3ccc(CCCCCC)cc3)c3cc(/C=C4\C(=O)c5ccccc5C4=C(C#N)C#N)sc3-c3sc4c(OCC(CC)CCCC)c5c6c(sc5c(OCC(CC)CCCC)c4c32)-c2sc(/C=C3\C(=O)c4ccccc4C3=C(C#N)C#N)cc2C6(c2ccc(CCCCCC)cc2)c2ccc(CCCCCC)cc2)cc1,8.816204290793536
CCCCCCCCC(CCCCCC)Cn1nc2c(-c3ccc(C)s3)c(F)c(F)c(-c3ccc(-c4cc5c(-c6ccc([Si](CCC)(CCC)CCC)s6)c6sc(C)cc6c(-c6ccc([Si](CCC)(CCC)CCC)s6)c5s4)s3)c2n1.CCCCCCc1ccc(C2(c3ccc(CCCCCC)cc3)c3cc(/C=C4\C(=O)c5ccccc5C4=C(C#N)C#N)sc3-c3sc4c(OCC(CC)CCCC)c5c6c(sc5c(OCC(CC)CCCC)c4c32)-c2sc(/C=C3\C(=O)c4ccccc4C3=C(C#N)C#N)cc2C6(c2ccc(CCCCCC)cc2)c2ccc(CCCCCC)cc2)cc1,8.731386253510047
CCCCCCCCC(CCCCCC)Cn1nc2c(-c3ccc(C)s3)c(F)c(F)c(-c3ccc(-c4cc5c(-c6ccc([Si](CCC)(CCC)CCC)s6)c6sc(C)cc6c(-c6ccc([Si](CCC)(CCC)CCC)s6)c5s4)s3)c2n1.CCCCCCC(CCCC)CSc1ccc(C2(c3ccc(SCC(CCCC)CCCCCC)cc3)c3cc4c(cc3-c3sc5cc(/C=C6\C(=O)c7cc8ccccc8cc7C6=C(C#N)C#N)sc5c32)C(c2ccc(SCC(CCCC)CCCCCC)cc2)(c2ccc(SCC(CCCC)CCCCCC)cc2)c2c-4sc3cc(/C=C4\C(=O)c5cc6ccccc6cc5C4=C(C#N)C#N)sc23)cc1,8.442264091125931
CCCCC(CC)Cc1ccc(-c2c3cc(-c4ccc(-c5sc(-c6ccc(C)s6)c6c5C(=O)c5c(CC(CC)CCCC)sc(CC(CC)CCCC)c5C6=O)s4)sc3c(-c3ccc(CC(CC)CCCC)s3)c3cc(C)sc23)s1.CCCCCCC(CCCC)CSc1ccc(C2(c3ccc(SCC(CCCC)CCCCCC)cc3)c3cc4c(cc3-c3sc5cc(/C=C6\C(=O)c7cc8ccccc8cc7C6=C(C#N)C#N)sc5c32)C(c2ccc(SCC(CCCC)CCCCCC)cc2)(c2ccc(SCC(CCCC)CCCCCC)cc2)c2c-4sc3cc(/C=C4\C(=O)c5cc6ccccc6cc5C4=C(C#N)C#N)sc23)cc1,8.200492587491974
CCCCCCC(CCCC)CSOC(=O)c1cc(-c2cc(C(=O)OSCC(CCCC)CCCCCC)c(-c3ccc(C)s3)s2)sc1-c1ccc(C)s1.CCCCCCC(CCCC)CSOc1ccc(C2(c3ccc(OSCC(CCCC)CCCCCC)cc3)c3cc4c(cc3-c3sc5cc(/C=C6\C(=O)c7cc8ccccc8cc7C6=C(C#N)C#N)sc5c32)C(c2ccc(OSCC(CCCC)CCCCCC)cc2)(c2ccc(OSCC(CCCC)CCCCCC)cc2)c2c-4sc3cc(/C=C4\C(=O)c5cc6ccccc6cc5C4=C(C#N)C#N)sc23)cc1,10.009100800065472
CCCCCCCCCCCCSSc1ccc(-c2c3cc(-c4ccc(-c5c(F)c(F)c(-c6ccc(C)s6)c6nn(CC(CCCCCC)CCCCCCCC)nc56)s4)sc3c(-c3ccc(SSCCCCCCCCCCCC)s3)c3cc(C)sc23)s1.CCCCCCc1ccc(C2(c3ccc(CCCCCC)cc3)c3cc4c(cc3-c3sc5cc(/C=C6\C(=O)c7ccccc7C6=C(C#N)C#N)sc5c32)C(c2ccc(CCCCCC)cc2)(c2ccc(CCCCCC)cc2)c2c-4sc3cc(/C=C4\C(=O)c5ccccc5C4=C(C#N)C#N)sc23)cc1,9.616179166870316
CCCCCCCCc1cc(-c2c(F)c(F)c(-c3cc(CCCCCCCC)c(-c4cc5c(-c6ccc(SCC(CCCC)CCCCCC)s6)c6sc(C)cc6c(-c6ccc(CCCCC(CS)CCCCCC)s6)c5s4)s3)c3nsnc23)sc1C.CCCCCCc1ccc(C2(c3ccc(CCCCCC)cc3)c3cc4c(cc3-c3sc5cc(/C=C6\C(=O)c7ccccc7C6=C(C#N)C#N)sc5c32)C(c2ccc(CCCCCC)cc2)(c2ccc(CCCCCC)cc2)c2c-4sc3cc(/C=C4\C(=O)c5ccccc5C4=C(C#N)C#N)sc23)cc1,9.271756536659367
CCCCCCCCc1cc(-c2c(F)c(F)c(-c3cc(CCCCCCCC)c(-c4cc5c(-c6cc(F)c(S)s6)c6sc(C)cc6c(-c6cc(F)c(CCCCC(CS)CCCCCC)s6)c5s4)s3)c3nsnc23)sc1C.CCCCCCc1ccc(C2(c3ccc(CCCCCC)cc3)c3cc4c(cc3-c3sc5cc(/C=C6\C(=O)c7ccccc7C6=C(C#N)C#N)sc5c32)C(c2ccc(CCCCCC)cc2)(c2ccc(CCCCCC)cc2)c2c-4sc3cc(/C=C4\C(=O)c5ccccc5C4=C(C#N)C#N)sc23)cc1,10.096141991848361
CCCCCCCCC(CCCCCC)Cn1nc2c(-c3ccc(C)s3)c(F)c(F)c(-c3ccc(-c4cc5c(-c6cccc(OCC(CC)CCCC)c6)c6sc(C)cc6c(-c6cccc(OCC(CC)CCCC)c6)c5s4)s3)c2n1.CCCCCCc1ccc(C2(c3ccc(CCCCCC)cc3)c3cc4c(cc3-c3sc5cc(/C=C6\C(=O)c7ccccc7C6=C(C#N)C#N)sc5c32)C(c2ccc(CCCCCC)cc2)(c2ccc(CCCCCC)cc2)c2c-4sc3cc(/C=C4\C(=O)c5ccccc5C4=C(C#N)C#N)sc23)cc1,5.0520927668157345
CCCCCCCCC(CCCCCC)Cn1nc2c(-c3ccc(C)s3)c(F)c(F)c(-c3ccc(-c4cc5c(-c6ccc([Si](CCC)(CCC)CCC)s6)c6sc(C)cc6c(-c6ccc([Si](CCC)(CCC)CCC)s6)c5s4)s3)c2n1.CCCCCCc1ccc(C2(c3ccc(CCCCCC)cc3)c3cc(/C=C4\C(=O)c5ccccc5C4=C(C#N)C#N)sc3-c3sc4cc5c6c(sc5cc4c32)-c2sc(/C=C3\C(=O)c4ccccc4C3=C(C#N)C#N)cc2C6(c2ccc(CCCCCC)cc2)c2ccc(CCCCCC)cc2)cc1,9.728208685387342
CCCCCCCCC(CCCCCC)Cn1nc2c(-c3ccc(C)s3)c(F)c(F)c(-c3ccc(-c4cc5c(-c6ccc([Si](CCC)(CCC)CCC)s6)c6sc(C)cc6c(-c6ccc([Si](CCC)(CCC)CCC)s6)c5s4)s3)c2n1.CCCCCCc1ccc(C2(c3ccc(CCCCCC)cc3)c3cc(/C=C4\C(=O)c5cscc5C4=C(C#N)C#N)sc3-c3sc4cc5c6c(sc5cc4c32)-c2sc(/C=C3\C(=O)c4cscc4C3=C(C#N)C#N)cc2C6(c2ccc(CCCCCC)cc2)c2ccc(CCCCCC)cc2)cc1,10.51850203866843
CCCCCCCCC(CCCCCC)Cn1nc2c(-c3ccc(C)s3)c(F)c(F)c(-c3ccc(-c4cc5c(-c6ccc(CC(CC)CCCC)s6)c6sc(C)cc6c(-c6ccc(CCCCC(C)CC)s6)c5s4)s3)c2n1.CCCCCCc1cccc(C2(c3cccc(CCCCCC)c3)c3cc4c(cc3-c3sc5cc(/C=C6\C(=O)c7ccccc7C6=C(C#N)C#N)sc5c32)C(c2cccc(CCCCCC)c2)(c2cccc(CCCCCC)c2)c2c-4sc3cc(/C=C4\C(=O)c5ccccc5C4=C(C#N)C#N)sc23)c1,8.295133683595303
CCCCCCCCC(CCCCCC)Cn1nc2c(-c3ccc(C)s3)c(F)c(F)c(-c3ccc(-c4cc5c(-c6ccc(CC(CC)CCCC)s6)c6sc(C)cc6c(-c6ccc(CCCCC(C)CC)s6)c5s4)s3)c2n1.CCCCCCc1ccc(C2(c3ccc(CCCCCC)cc3)c3cc4c(cc3-c3sc(-c5sc(/C=C6\C(=O)c7ccccc7C6=C(C#N)C#N)cc5OCC(CC)CCCC)cc32)C(c2ccc(CCCCCC)cc2)(c2ccc(CCCCCC)cc2)c2cc(-c3sc(/C=C5\C(=O)c6ccccc6C5=C(C#N)C#N)cc3OCC(CC)CCCC)sc2-4)cc1,7.740556367844835
CCCCCCCCC(CCCCCC)Cn1nc2c(-c3ccc(C)s3)c(F)c(F)c(-c3ccc(-c4cc5c(-c6ccc([Si](CCC)(CCC)CCC)s6)c6sc(C)cc6c(-c6ccc([Si](CCC)(CCC)CCC)s6)c5s4)s3)c2n1.CCCCCCc1ccc(C2(c3ccc(CCCCCC)cc3)c3cc4c(cc3-c3sc5cc(/C=C/C=C6\C(=O)c7cc(F)c(F)cc7C6=C(C#N)C#N)sc5c32)C(c2ccc(CCCCCC)cc2)(c2ccc(CCCCCC)cc2)c2c-4sc3cc(/C=C/C=C4\C(=O)c5cc(F)c(F)cc5C4=C(C#N)C#N)sc23)cc1,10.145037628514475
CCCCCCCCC(CCCCCC)Cn1nc2c(-c3ccc(C)s3)c(F)c(F)c(-c3ccc(-c4cc5c(-c6ccc(CC(CC)CCCC)s6)c6sc(C)cc6c(-c6ccc(CCCCC(C)CC)s6)c5s4)s3)c2n1.CCCCCCc1cccc(C2(c3cccc(CCCCCC)c3)c3cc4c(cc3-c3sc5cc(/C=C6\C(=O)c7ccccc7C6=C(C#N)C#N)sc5c32)C(c2cccc(CCCCCC)c2)(c2cccc(CCCCCC)c2)c2c-4sc3cc(/C=C4\C(=O)c5ccccc5C4=C(C#N)C#N)sc23)c1,8.295133683595303
CCCCCCCCC(CCCCCC)Cn1nc2c(-c3ccc(C)s3)c(F)c(F)c(-c3ccc(-c4cc5c(-c6ccc([Si](CCC)(CCC)CCC)s6)c6sc(C)cc6c(-c6ccc([Si](CCC)(CCC)CCC)s6)c5s4)s3)c2n1.CCCCCCc1cccc(C2(c3cccc(CCCCCC)c3)c3cc4c(cc3-c3sc5cc(/C=C6\C(=O)c7c(csc7C)C6=C(C#N)C#N)sc5c32)C(c2cccc(CCCCCC)c2)(c2cccc(CCCCCC)c2)c2c-4sc3cc(/C=C4\C(=O)c5c(csc5C)C4=C(C#N)C#N)sc23)c1,10.49708498919309
CCCCC(CC)COC(=O)c1sc2c(-c3cc4c(-c5ccc(CC(CC)CCCC)s5)c5sc(C)cc5c(-c5ccc(CC(CC)CCCC)s5)c4s3)sc(C)c2c1F.CCCCCCc1cccc(C2(c3cccc(CCCCCC)c3)c3cc4c(cc3-c3sc5cc(/C=C6\C(=O)c7c(csc7C)C6=C(C#N)C#N)sc5c32)C(c2cccc(CCCCCC)c2)(c2cccc(CCCCCC)c2)c2c-4sc3cc(/C=C4\C(=O)c5c(csc5C)C4=C(C#N)C#N)sc23)c1,8.795792925155485
CCCCCCCCOc1cccc(-c2nc3c(-c4ccc(C)s4)c(F)c(F)c(-c4ccc(-c5cc6c(-c7ccc(CC(CC)CCCC)s7)c7sc(C)cc7c(-c7ccc(CC(CC)CCCC)s7)c6s5)s4)c3nc2-c2cccc(OCCCCCCCC)c2)c1.CCCCCCc1ccc(C2(c3ccc(CCCCCC)cc3)c3cc4c(cc3-c3sc5cc(/C=C6\C(=O)c7ccccc7C6=C(C#N)C#N)sc5c32)C(c2ccc(CCCCCC)cc2)(c2ccc(CCCCCC)cc2)c2c-4sc3cc(/C=C4\C(=O)c5ccccc5C4=C(C#N)C#N)sc23)cc1,8.917670418589392
CCCCCCCCCC(CCCCCC)n1nc2c(-c3ccc(C)s3)c(F)c(F)c(-c3ccc(-c4cc5c(-c6cc(F)c(C(CC)CCCCCC)s6)c6sc(C)cc6c(-c6cc(F)c(C(CC)CCCCCC)s6)c5s4)s3)c2n1.CCCCCCc1ccc(C2(c3ccc(CCCCCC)cc3)c3cc4c(cc3-c3sc5cc(/C=C6\C(=O)c7ccc(C)cc7C6=C(C#N)C#N)sc5c32)C(c2ccc(CCCCCC)cc2)(c2ccc(CCCCCC)cc2)c2c-4sc3cc(/C=C4\C(=O)c5ccc(C)cc5C4=C(C#N)C#N)sc23)cc1,11.467667892495834
CCCCC(CC)Cc1ccc(-c2c3cc(-c4ccc(-c5sc(-c6ccc(C)s6)c6c5C(=O)c5c(CC(CC)CCCC)sc(CC(CC)CCCC)c5C6=O)s4)sc3c(-c3ccc(CC(CC)CCCC)s3)c3cc(C)sc23)s1.CCCCCCc1ccc(C2(c3ccc(CCCCCC)cc3)c3cc4c(cc3-c3sc5cc(/C=C6\C(=O)c7ccccc7C6=C(C#N)C#N)sc5c32)C(c2ccc(CCCCCC)cc2)(c2ccc(CCCCCC)cc2)c2c-4sc3cc(/C=C4\C(=O)c5ccccc5C4=C(C#N)C#N)sc23)cc1,9.229002313138901
CCCCCCCCCCCCSOc1c(OSCCCCCCCCCCCC)c(-c2ccc(-c3ccc4c5ccc(C)cc5n(CCCCCCCC)c4c3)s2)c2nsnc2c1-c1ccc(C)s1.CCCCCCCCCCCCN1C(=O)c2cccc3c(-c4ccc(-c5ccc(-c6ccc(-c7ccc8c9c(cccc79)C(=O)N(CCCCCCCCCCCC)C8=O)s6)c(F)c5)s4)ccc(c23)C1=O,0.08771388643366862
CCCCC(CC)Cc1ccc(-c2c3cc(-c4ccc(-c5sc(-c6ccc(C)s6)c6c5C(=O)c5c(CC(CC)CCCC)sc(CC(CC)CCCC)c5C6=O)s4)sc3c(-c3ccc(CC(CC)CCCC)s3)c3cc(C)sc23)s1.CCCCCCc1ccc(C2(c3ccc(CCCCCC)cc3)c3cc4c(cc3-c3sc5cc(/C=C6\C(=O)c7ccccc7C6=C(C#N)C#N)sc5c32)C(c2ccc(CCCCCC)cc2)(c2ccc(CCCCCC)cc2)c2c-4sc3cc(/C=C4\C(=O)c5ccccc5C4=C(C#N)C#N)sc23)cc1,9.229002313138901
CCCCC(CC)Cc1ccc(-c2c3cc(-c4ccc(-c5sc(-c6ccc(C)s6)c6c5C(=O)c5c(CC(CC)CCCC)sc(CC(CC)CCCC)c5C6=O)s4)sc3c(-c3ccc(CC(CC)CCCC)s3)c3cc(C)sc23)s1.CCCCCCc1ccc(C2(c3ccc(CCCCCC)cc3)c3cc4c(cc3-c3sc5cc(/C=C6\C(=O)c7sccc7C6=C(C#N)C#N)sc5c32)C(c2ccc(CCCCCC)cc2)(c2ccc(CCCCCC)cc2)c2c-4sc3cc(/C=C4\C(=O)c5sccc5C4=C(C#N)C#N)sc23)cc1,10.002098927048841
CCCCC(CC)Cc1ccc(-c2c3cc(-c4ccc(-c5sc(-c6ccc(C)s6)c6c5C(=O)c5c(CC(CC)CCCC)sc(CC(CC)CCCC)c5C6=O)s4)sc3c(-c3ccc(CC(CC)CCCC)s3)c3cc(C)sc23)s1.CCCCCCc1ccc(C2(c3ccc(CCCCCC)cc3)c3cc4c(cc3-c3sc5cc(/C=C6\C(=O)c7ccc(OCCC)cc7C6=C(C#N)C#N)sc5c32)C(c2ccc(CCCCCC)cc2)(c2ccc(CCCCCC)cc2)c2c-4sc3cc(/C=C4\C(=O)c5ccc(OCCC)cc5C4=C(C#N)C#N)sc23)cc1,9.194834338567272
CCCCC(CC)Cc1ccc(-c2c3cc(-c4ccc(-c5sc(-c6ccc(C)s6)c6c5C(=O)c5c(CC(CC)CCCC)sc(CC(CC)CCCC)c5C6=O)s4)sc3c(-c3ccc(CC(CC)CCCC)s3)c3cc(C)sc23)s1.CCCCCCc1ccc(C2(c3ccc(CCCCCC)cc3)c3cc4c(cc3-c3sc5cc(/C=C6\C(=O)c7ccc(OCCCC)cc7C6=C(C#N)C#N)sc5c32)C(c2ccc(CCCCCC)cc2)(c2ccc(CCCCCC)cc2)c2c-4sc3cc(/C=C4\C(=O)c5ccc(OCCCC)cc5C4=C(C#N)C#N)sc23)cc1,9.67268077946896
CCCCCCCCC(CCCCCC)Cn1nc2c(-c3ccc(C)s3)c(F)c(F)c(-c3ccc(-c4cc5c(-c6ccc([Si](CCC)(CCC)CCC)s6)c6sc(C)cc6c(-c6ccc([Si](CCC)(CCC)CCC)s6)c5s4)s3)c2n1.CCCCCCCCC(CCCCCC)CC1(CCCCCCCCC(C)CCCCCC)c2cc3c(cc2C2C1c1cc4c(cc1C2(CC(CCCCCC)CCCCCCCC)CC(CCCCCC)CCCCCCCC)-c1sc(/C=C2\C(=O)c5cc(F)ccc5C2=C(C#N)C#N)cc1C4)Cc1cc(/C=C2\C(=O)c4cc(F)ccc4C2=C(C#N)C#N)sc1-3,13.187228312951724
CCCCCCc1cc(-c2sc(-c3sc(-c4sc(C)cc4CCCCCC)cc3CCCCCC)cc2CCCCCC)sc1C.CCCCCCCCC1(CCCCCCCC)c2cc3c(cc2-c2sc(-c4ccc(/C=C5\SC(=S)N(CC)C5=O)c5nsnc45)cc21)C(CCCCCCCC)(CCCCCCCC)c1cc(-c2ccc(/C=C4\SC(=S)N(CC)C4=O)c4nsnc24)sc1-3,7.31429141992513
CCCCC(CC)COC(=O)c1sc2c(-c3cc4c(-c5ccc(CC(CC)CCCC)s5)c5sc(C)cc5c(-c5ccc(CC(CC)CCCC)s5)c4s3)sc(C)c2c1F.CCCCCCc1ccc(C2(c3ccc(CCCCCC)cc3)c3c(sc4cc(/C=C5\C(=O)c6cc(F)c(F)cc6C5=C(C#N)C#N)sc34)-c3sc4c5c(sc4c32)-c2sc3cc(/C=C4\C(=O)c6cc(F)c(F)cc6C4=C(C#N)C#N)sc3c2C5(c2ccc(CCCCCC)cc2)c2ccc(CCCCCC)cc2)cc1,11.463999379493725
CCCCC(CC)Cc1ccc(-c2c3cc(-c4ccc(-c5sc(-c6ccc(C)s6)c6c5C(=O)c5c(CC(CC)CCCC)sc(CC(CC)CCCC)c5C6=O)s4)sc3c(-c3ccc(CC(CC)CCCC)s3)c3cc(C)sc23)s1.CCCCCCCCC1(CCCCCCCC)c2cc3c(cc2-c2cc4c(cc21)-c1sc(/C=C2\C(=O)c5ccccc5C2=C(C#N)C#N)cc1C4(CCCCCC)CCCCCC)C(CCCCCC)(CCCCCC)c1cc(/C=C2\C(=O)c4ccccc4C2=C(C#N)C#N)sc1-3,8.588898571629466
CCCCC(CC)COC(=O)c1sc2c(-c3cc4c(-c5ccc(CC(CC)CCCC)s5)c5sc(C)cc5c(-c5ccc(CC(CC)CCCC)s5)c4s3)sc(C)c2c1F.CCCCC(CC)CN1C(=O)c2cc(-c3ccc(/C=C4\SC(=S)N(CC)C4=O)s3)c3c4c(cc(-c5ccc(/C=C6\SC(=S)N(CC)C6=O)s5)c(c24)C1=O)C(=O)N(CC(CC)CCCC)C3=O,6.027899055515511
CCCCC(CC)Cc1ccc(-c2c3cc(-c4ccc(-c5sc(-c6ccc(C)s6)c6c5C(=O)c5c(CC(CC)CCCC)sc(CC(CC)CCCC)c5C6=O)s4)sc3c(-c3ccc(CC(CC)CCCC)s3)c3cc(C)sc23)s1.CCCCCCc1ccc(C2(c3ccc(CCCCCC)cc3)c3cc4c(cc3-c3sc5cc(/C=C6\C(=O)c7cscc7C6=C(C#N)C#N)sc5c32)C(c2ccc(CCCCCC)cc2)(c2ccc(CCCCCC)cc2)c2c-4sc3cc(/C=C4\C(=O)c5cscc5C4=C(C#N)C#N)sc23)cc1,9.869629303929853
CCCCC(CC)Cc1ccc(-c2c3cc(-c4ccc(-c5sc(-c6ccc(C)s6)c6c5C(=O)c5c(CC(CC)CCCC)sc(CC(CC)CCCC)c5C6=O)s4)sc3c(-c3ccc(CC(CC)CCCC)s3)c3cc(C)sc23)s1.CCCCCCc1ccc(C2(c3ccc(CCCCCC)cc3)c3cc4c(cc3-c3sc5cc(/C=C6\C(=O)c7sccc7C6=C(C#N)C#N)sc5c32)C(c2ccc(CCCCCC)cc2)(c2ccc(CCCCCC)cc2)c2c-4sc3cc(/C=C4\C(=O)c5sccc5C4=C(C#N)C#N)sc23)cc1,10.002098927048841
CCCCC(CC)Cc1ccc(-c2c3cc(-c4ccc(-c5sc(-c6ccc(C)s6)c6c5C(=O)c5c(CC(CC)CCCC)sc(CC(CC)CCCC)c5C6=O)s4)sc3c(-c3ccc(CC(CC)CCCC)s3)c3cc(C)sc23)s1.CCCCCCc1ccc(C2(c3ccc(CCCCCC)cc3)c3cc4c(cc3-c3sc5cc(/C=C6\C(=O)c7c(csc7C)C6=C(C#N)C#N)sc5c32)C(c2ccc(CCCCCC)cc2)(c2ccc(CCCCCC)cc2)c2c-4sc3cc(/C=C4\C(=O)c5c(csc5C)C4=C(C#N)C#N)sc23)cc1,10.087906727053463
CCCCC(CC)COC(=O)c1sc2c(-c3cc4c(-c5ccc(CC(CC)CCCC)s5)c5sc(C)cc5c(-c5ccc(CC(CC)CCCC)s5)c4s3)sc(C)c2c1F.CCCCCCc1ccc(C2(c3ccc(CCCCCC)cc3)c3cc4c(cc3-c3sc(/C=C5\C(=O)c6ccccc6C5=C(C#N)C#N)cc32)C(c2ccc(CCCCCC)cc2)(c2ccc(CCCCCC)cc2)c2cc(/C=C3\C(=O)c5ccccc5C3=C(C#N)C#N)sc2-4)cc1,5.315612605070843
CCCCC(CC)COC(=O)c1sc2c(-c3cc4c(-c5ccc(CC(CC)CCCC)s5)c5sc(C)cc5c(-c5ccc(CC(CC)CCCC)s5)c4s3)sc(C)c2c1F.CCCCCCc1ccc(C2(c3ccc(CCCCCC)cc3)c3cc4c(cc3-c3sc(-c5sc(/C=C6\C(=O)c7ccccc7C6=C(C#N)C#N)cc5CC(CC)CCCC)cc32)C(c2ccc(CCCCCC)cc2)(c2ccc(CCCCCC)cc2)c2cc(-c3sc(/C=C5\C(=O)c6ccccc6C5=C(C#N)C#N)cc3CC(CC)CCCC)sc2-4)cc1,5.428159245038663
CCCCC(CC)Cc1ccc(-c2c3cc(-c4ccc(-c5sc(-c6ccc(C)s6)c6c5C(=O)c5c(CC(CC)CCCC)sc(CC(CC)CCCC)c5C6=O)s4)sc3c(-c3ccc(CC(CC)CCCC)s3)c3cc(C)sc23)s1.CCCCCCc1ccc(C2(c3ccc(CCCCCC)cc3)c3cc4c(cc3-c3sc(-c5sc(/C=C6\C(=O)c7cc(F)c(F)cc7C6=C(C#N)C#N)c6c5OCCCO6)cc32)C(c2ccc(CCCCCC)cc2)(c2ccc(CCCCCC)cc2)c2cc(-c3sc(/C=C5\C(=O)c6cc(F)c(F)cc6C5=C(C#N)C#N)c5c3OCCCO5)sc2-4)cc1,10.751926649794767
CCCCC(CC)COC(=O)c1sc2c(-c3cc4c(-c5ccc(CC(CC)CCCC)s5)c5sc(C)cc5c(-c5ccc(CC(CC)CCCC)s5)c4s3)sc(C)c2c1F.CCCCCCc1ccc(C2(c3ccc(CCCCCC)cc3)c3cc4c(cc3-c3sc(C=C5C(=O)c6ccccc6C5=C(C#N)C#N)cc32)C(c2ccc(CCCCCC)cc2)(c2ccc(CCCCCC)cc2)c2c-4sc3c4c(sc23)-c2cc3c(cc2C4(c2ccc(CCCCCC)cc2)c2ccc(CCCCCC)cc2)-c2sc(C=C4C(=O)c5ccccc5C4=C(C#N)C#N)cc2C3(c2ccc(CCCCCC)cc2)c2ccc(CCCCCC)cc2)cc1,6.017474052575179
CCCCCCCCCCCCSOc1c2cc(-c3ccc(-c4ccc(-c5ccc(C)s5)c5nsnc45)s3)sc2c(OSCCCCCCCCCCCC)c2cc(C)sc12.CCCCCCCCCCCCCCCCCn1c2cc(-c3sc(-c4sc(/C=C5\C(=O)N(CCCC)C(=O)C(C#N)C5C)cc4CCCCCC)cc3CCCCCC)sc2c2sc(-c3sc(-c4sc(/C=C5\C(=O)N(CCCC)C(=O)C(C#N)C5C)cc4CCCCCC)cc3CCCCCC)cc21,4.372692506167293
CCCCC(CC)CC(=O)c1cc2c(C)sc(-c3cc4c(-c5ccc(CC(CC)CCCC)s5)c5sc(C)cc5c(-c5ccc(CC(CC)CCCC)s5)c4s3)c2s1.CCCCCCc1ccc(C2(c3ccc(CCCCCC)cc3)c3cc(-c4ccc(/C=C5\C(=O)c6ccccc6C5=C(C#N)C#N)o4)ccc3-c3cc4c(cc32)-c2ccc(-c3ccc(/C=C5\C(=O)c6ccccc6C5=C(C#N)C#N)o3)cc2C4(c2ccc(CCCCCC)cc2)c2ccc(CCCCCC)cc2)cc1,4.028990328949931
CCCCC(CC)COC(=O)c1sc2c(-c3cc4c(-c5ccc(CC(CC)CCCC)s5)c5sc(C)cc5c(-c5ccc(CC(CC)CCCC)s5)c4s3)sc(C)c2c1F.CCCCCCc1ccc(C2(c3ccc(CCCCCC)cc3)c3cc4c(cc3-c3sc(-c5cc6c(s5)C(=C(C#N)C#N)C(=O)N6CC(CC)CCCC)cc32)C(c2ccc(CCCCCC)cc2)(c2ccc(CCCCCC)cc2)c2cc(-c3cc5c(s3)C(=C(C#N)C#N)C(=O)N5CC(CC)CCCC)sc2-4)cc1,3.8632952253559214
CCCCCCc1cc(-c2sc(-c3sc(-c4sc(C)cc4CCCCCC)cc3CCCCCC)cc2CCCCCC)sc1C.CCCCCCCCn1nc2c(/C=C3/SC(=O)N(CC)C3=O)c(OC)c(OC)c(-c3cc4c(s3)-c3cc5c(cc3C4(c3ccc(CCCCCC)cc3)c3ccc(CCCCCC)cc3)-c3sc(-c4c(OC)c(OC)c(/C=C6/SC(=O)N(CC)C6=O)c6nn(CCCCCCCC)nc46)cc3C5(c3ccc(CCCCCC)cc3)c3ccc(CCCCCC)cc3)c2n1,2.751461618699489
CCCCC(CC)COC(=O)c1sc2c(-c3cc4c(-c5ccc(CC(CC)CCCC)s5)c5sc(C)cc5c(-c5ccc(CC(CC)CCCC)s5)c4s3)sc(C)c2c1F.CCCCCCc1ccc(C2(c3ccc(CCCCCC)cc3)c3cc4c(cc3-c3sc(-c5sc(/C=C6\C(=O)c7ccccc7C6=C(C#N)C#N)c6c(F)c(C(=O)OCC(CC)CCCC)sc56)cc32)C(c2ccc(CCCCCC)cc2)(c2ccc(CCCCCC)cc2)c2cc(-c3sc(/C=C5\C(=O)c6ccccc6C5=C(C#N)C#N)c5c(F)c(C(=O)OCC(CC)CCCC)sc35)sc2-4)cc1,9.087808548014184
CCCCCCCCCCC(CCCCCC)N1C(=O)c2c(-c3cc4sc(C)c(CCCCCC)c4s3)sc(-c3cc4sc(-c5cc6c(-c7ccc(C(CC)CCCCCC)s7)c7sc(C)cc7c(-c7ccc(C(CC)CCCCCC)s7)c6s5)c(CCCCCC)c4s3)c2C1=O.CCCCCCc1ccc(C2(c3ccc(CCCCCC)cc3)c3cc4c(cc3-c3sc5cc(/C=C6\C(=O)c7ccccc7C6=C(C#N)C#N)sc5c32)C(c2ccc(CCCCCC)cc2)(c2ccc(CCCCCC)cc2)c2c-4sc3cc(/C=C4\C(=O)c5ccccc5C4=C(C#N)C#N)sc23)cc1,8.264527923839232
CCCCCCC(CCCC)CSc1ccc(-c2c3cc(-c4sc(-c5nc6sc(-c7cc(CC(CC)CCCC)c(C)s7)nc6s5)cc4CC(CC)CCCC)sc3c(-c3ccc(SCC(CCCC)CCCCCC)s3)c3cc(C)sc23)s1.CCCCCCC1(CCCCCC)c2cc3c(cc2-c2sc(/C=C4\C(=O)c5ccccc5C4=C(C#N)C#N)cc21)C(CCCCCC)(CCCCCC)c1cc(/C=C2\C(=O)c4ccccc4C2=C(C#N)C#N)sc1-3,9.910388440691131
CCCCC(CC)COC(=O)c1sc2c(-c3cc4c(-c5ccc(CC(CC)CCCC)s5)c5sc(C)cc5c(-c5ccc(CC(CC)CCCC)s5)c4s3)sc(C)c2c1F.CCCCCCc1ccc(C2(c3ccc(CCCCCC)cc3)c3cc4c(cc3-c3sc(-c5ccc(/C=c6/sc(=C(C#N)C#N)n(CCCCCC)c6=O)c6nsnc56)cc32)C(c2ccc(CCCCCC)cc2)(c2ccc(CCCCCC)cc2)c2cc(-c3ccc(/C=c5/sc(=C(C#N)C#N)n(CCCCCC)c5=O)c5nsnc35)sc2-4)cc1,6.990391513215527
CCCCC(CC)COC(=O)c1sc2c(-c3cc4c(-c5ccc(CC(CC)CCCC)s5)c5sc(C)cc5c(-c5ccc(CC(CC)CCCC)s5)c4s3)sc(C)c2c1F.CCCCCCc1ccc(C2(c3ccc(CCCCCC)cc3)c3cc4c(cc3-c3sc(-c5ccc(/C=C6\C(=O)c7ccccc7C6=C(C#N)C#N)s5)cc32)C(c2ccc(CCCCCC)cc2)(c2ccc(CCCCCC)cc2)c2cc(-c3ccc(/C=C5\C(=O)c6ccccc6C5=C(C#N)C#N)s3)sc2-4)cc1,5.180420201239471
CCCCC(CC)COC(=O)c1sc2c(-c3cc4c(-c5ccc(CC(CC)CCCC)s5)c5sc(C)cc5c(-c5ccc(CC(CC)CCCC)s5)c4s3)sc(C)c2c1F.CCCCCCc1ccc(C2(c3ccc(CCCCCC)cc3)c3cc4c(cc3-c3sc(-c5sc(/C=C6\C(=O)c7ccccc7C6=C(C#N)C#N)cc5CCCC)cc32)C(c2ccc(CCCCCC)cc2)(c2ccc(CCCCCC)cc2)c2cc(-c3sc(/C=C5\C(=O)c6ccccc6C5=C(C#N)C#N)cc3CCCC)sc2-4)cc1,5.38105253016997
CCCCC(CC)COC(=O)c1sc2c(-c3cc4c(-c5ccc(CC(CC)CCCC)s5)c5sc(C)cc5c(-c5ccc(CC(CC)CCCC)s5)c4s3)sc(C)c2c1F.CCCCCCc1ccc(C2(c3ccc(CCCCCC)s3)c3cc4c(cc3-c3sc5cc(/C=C6\C(=O)c7ccccc7C6=C(C#N)C#N)sc5c32)C(c2ccc(CCCCCC)s2)(c2ccc(CCCCCC)s2)c2c-4sc3cc(/C=C4\C(=O)c5ccccc5C4=C(C#N)C#N)sc23)s1,8.029990611090584
CCCCCCCCN1C(=O)c2c(c(-c3ccc(-c4cc5c(-c6cc(F)c(CC(CC)CCCC)c(F)c6)c6sc(C)cc6c(-c6cc(F)c(CC(CC)CCCC)c(F)c6)c5s4)s3)c3nn(CCCC(CC)CCCC)nc3c2-c2ccc(C)s2)C1=O.CCCCCCc1ccc(C2(c3ccc(CCCCCC)cc3)c3cc4c(cc3-c3sc5cc(/C=C6\C(=O)c7ccccc7C6=C(C#N)C#N)sc5c32)C(c2ccc(CCCCCC)cc2)(c2ccc(CCCCCC)cc2)c2c-4sc3cc(/C=C4\C(=O)c5ccccc5C4=C(C#N)C#N)sc23)cc1,7.855359443741314
CCCCCCC(CCCC)CSc1c2cc(-c3ccc(-c4c(F)c(F)c(-c5ccc(C)s5)c5nn(SCC(CCCC)CCCCCC)nc45)s3)sc2c(SCC(CCCC)CCCCCC)c2cc(C)sc12.CCCCCCc1ccc(C2(c3ccc(CCCCCC)cc3)c3cc(/C=C4\C(=O)c5ccccc5C4=C(C#N)C#N)sc3-c3c2ccc2c4c(ccc32)C(c2ccc(CCCCCC)cc2)(c2ccc(CCCCCC)cc2)c2cc(/C=C3\C(=O)c5ccccc5C3=C(C#N)C#N)sc2-4)cc1,5.333918830358636
CCCCC(CC)Cc1ccc(-c2c3cc(-c4ccc(-c5sc(-c6ccc(C)s6)c6c5C(=O)c5c(CC(CC)CCCC)sc(CC(CC)CCCC)c5C6=O)s4)sc3c(-c3ccc(CC(CC)CCCC)s3)c3cc(C)sc23)s1.CCCCCCc1ccc(C2(c3ccc(CCCCCC)cc3)c3cc(/C=C4\C(=O)c5ccc(C)cc5C4=C(C#N)C#N)sc3-c3c2ccc2c4c(ccc32)C(c2ccc(CCCCCC)cc2)(c2ccc(CCCCCC)cc2)c2cc(/C=C3\C(=O)c5ccc(C)cc5C3=C(C#N)C#N)sc2-4)cc1,9.549419498176471
CCCCC(CC)Cc1sc(-c2c3cc(-c4ccc(-c5sc(-c6ccc(C)s6)c6c5C(=O)c5c(CC(CC)CCCC)sc(CC(CC)CCCC)c5C6=O)s4)sc3c(-c3cc(Cl)c(CC(CC)CCCC)s3)c3cc(C)sc23)cc1Cl.CCCCCCc1ccc(C2(c3ccc(CCCCCC)cc3)c3cc4c(cc3-c3sc5cc(/C=C6\C(=O)c7cc(F)c(F)cc7C6=C(C#N)C#N)sc5c32)C(c2ccc(CCCCCC)cc2)(c2ccc(CCCCCC)cc2)c2c-4sc3cc(/C=C4\C(=O)c5cc(F)c(F)cc5C4=C(C#N)C#N)sc23)cc1,10.840294421357843
CCCCC(CC)Cc1sc(-c2c3cc(-c4ccc(-c5sc(-c6ccc(C)s6)c6c5C(=O)c5c(CC(CC)CCCC)sc(CC(CC)CCCC)c5C6=O)s4)sc3c(-c3cc(Cl)c(CC(CC)CCCC)s3)c3cc(C)sc23)cc1Cl.CCCCCCc1ccc(C2(c3ccc(CCCCCC)cc3)c3cc4c(cc3-c3sc5cc(/C=C6\C(=O)c7cc(Cl)c(Cl)cc7C6=C(C#N)C#N)sc5c32)C(c2ccc(CCCCCC)cc2)(c2ccc(CCCCCC)cc2)c2c-4sc3cc(/C=C4\C(=O)c5cc(Cl)c(Cl)cc5C4=C(C#N)C#N)sc23)cc1,10.286899630768767
CCCCC(CC)Cc1sc(-c2c3cc(-c4ccc(-c5sc(-c6cccs6)c6c5C(=O)c5c(CC(CC)CCCC)sc(CC(CC)CCCC)c5C6=O)s4)sc3c(-c3cc(F)c(CC(CC)CCCC)s3)c3cc(C)sc23)cc1F.CCCCCCCCc1c2sc3c(c2c(CCCCCCCC)c2sc4c(c12)C(c1ccc(CCCCCC)cc1)(c1ccc(CCCCCC)cc1)c1cc(C=C2C(=O)c5cc(Cl)c(Cl)cc5C2=C(C#N)C#N)sc1-4)C(c1ccc(CCCCCC)cc1)(c1ccc(CCCCCC)cc1)c1cc(C=C2C(=O)c4cc(Cl)c(Cl)cc4C2=C(C#N)C#N)sc1-3,12.246388213426872
CCCCC(CC)Cc1sc(-c2c3cc(-c4ccc(-c5sc(-c6ccc(C)s6)c6c5C(=O)c5c(CC(CC)CCCC)sc(CC(CC)CCCC)c5C6=O)s4)sc3c(-c3cc(F)c(CC(CC)CCCC)s3)c3cc(C)sc23)cc1F.CCCCCCc1ccc(C2(c3ccc(CCCCCC)cc3)c3cc4c(cc3-c3sc5cc(/C=C6\C(=O)c7cc(F)c(F)cc7C6=C(C#N)C#N)sc5c32)C(c2ccc(CCCCCC)cc2)(c2ccc(CCCCCC)cc2)c2c-4sc3cc(/C=C4\C(=O)c5cc(F)c(F)cc5C4=C(C#N)C#N)sc23)cc1,10.965613034677212
CCCCC(CC)Cc1cc(-c2nc3sc(-c4cc(CC(CC)CCCC)c(-c5cc6c(-c7ccc([Si](CCC)(CCC)CCC)s7)c7sc(C)cc7c(-c7ccc([Si](CCC)(CCC)CCC)s7)c6s5)s4)nc3s2)sc1C.CCCCCCc1ccc(C2(c3ccc(CCCCCC)cc3)c3cc4c(cc3-c3sc5cc(/C=C6\C(=O)c7cc(F)c(F)cc7C6=C(C#N)C#N)sc5c32)C(c2ccc(CCCCCC)cc2)(c2ccc(CCCCCC)cc2)c2c-4sc3cc(/C=C4\C(=O)c5cc(F)c(F)cc5C4=C(C#N)C#N)sc23)cc1,11.568490834183864
CCCCC(CC)COC(=O)c1sc2c(-c3cc4c(-c5ccc(CC(CC)CCCC)s5)c5sc(C)cc5c(-c5ccc(CC(CC)CCCC)s5)c4s3)sc(C)c2c1F.CCCCCCc1ccc(C2(c3ccc(CCCCCC)cc3)c3cc(/C=C4\C(=O)c5cc(F)c(F)cc5C4=C(C#N)C#N)sc3-c3cc4ccc5cc6c(c7ccc(c32)c4c57)C(c2ccc(CCCCCC)cc2)(c2ccc(CCCCCC)cc2)c2cc(/C=C3\C(=O)c4cc(F)c(F)cc4C3=C(C#N)C#N)sc2-6)cc1,5.6791994468208244
CCCCCCCC[Si]1(CCCCCCCC)c2cc(-c3cc(F)c(C)c4nn(CCCCCC)nc34)sc2-c2sc(-c3cc(F)c(-c4cc5c(s4)-c4sc(C)cc4[Si]5(CCCCCCCC)CCCCCCCC)c4nn(CCCCCC)nc34)cc21.CCCCC(CC)Cn1c2cc(-c3ccc(/C=C4\SC(=S)N(CC)C4=O)c4nsnc34)ccc2c2cc3c(cc21)c1ccc(-c2ccc(/C=C4\SC(=S)N(CC)C4=O)c4nsnc24)cc1n3CC(CC)CCCC,8.523524802506513
CCCCCCCCc1sc(CCCCCCCC)c2c1C(=O)c1c(C)sc(-c3cc4c(-c5ccc(CC(CC)CCCC)s5)c5sc(C)cc5c(-c5ccc(CC(CC)CCCC)s5)c4s3)c1C2=O.CCCCCCc1ccc(C2(c3ccc(CCCCCC)cc3)c3cc4c(cc3-c3sc5cc(/C=C6\C(=O)c7ccccc7C6=C(C#N)C#N)sc5c32)C(c2ccc(CCCCCC)cc2)(c2ccc(CCCCCC)cc2)c2c-4sc3cc(/C=C4\C(=O)c5ccccc5C4=C(C#N)C#N)sc23)cc1,9.04413953493822
CCCCC(CC)Cc1sc(-c2c3sc4cc(C)sc4c3c(-c3cc(F)c(CCCCC(C)CC)s3)c3sc4cc(-c5ccc(-c6sc(-c7ccc(C)s7)c7c6C(=O)c6c(CC(CC)CCCC)sc(CC(CC)CCCC)c6C7=O)s5)sc4c23)cc1F.CCCCCCc1ccc(C2(c3ccc(CCCCCC)cc3)c3cc4c(cc3-c3sc5cc(/C=C6\C(=O)c7ccc(C)cc7C6=C(C#N)C#N)sc5c32)C(c2ccc(CCCCCC)cc2)(c2ccc(CCCCCC)cc2)c2c-4sc3cc(/C=C4\C(=O)c5ccc(C)cc5C4=C(C#N)C#N)sc23)cc1,12.133769973411248
CCCCC(CC)Cc1ccc(-c2c3cc(-c4ccc(-c5sc(-c6ccc(C)s6)c6c5C(=O)c5c(CC(CC)CCCC)sc(CC(CC)CCCC)c5C6=O)s4)sc3c(-c3ccc(CC(CC)CCCC)s3)c3cc(C)sc23)s1.CCCCCCc1ccc(C2(c3ccc(CCCCCC)cc3)c3cc4c(cc3-c3sc(-c5ccc6c(c5)N(CC)C(=O)C6=O)cc32)C(c2ccc(CCCCCC)cc2)(c2ccc(CCCCCC)cc2)c2cc(-c3ccc5c(c3)N(CC)C(=O)C5=O)sc2-4)cc1,2.401142373747545
CCCCC(CC)Cc1ccc(-c2c3cc(-c4ccc(-c5sc(-c6ccc(C)s6)c6c5C(=O)c5c(CC(CC)CCCC)sc(CC(CC)CCCC)c5C6=O)s4)sc3c(-c3ccc(CC(CC)CCCC)s3)c3cc(C)sc23)s1.CCCCCCc1ccc(C2(c3ccc(CCCCCC)cc3)c3cc4c(cc3-c3sc(-c5ccc6c(c5)N(CC)C(=O)/C6=C(/C#N)c5cccs5)cc32)C(c2ccc(CCCCCC)cc2)(c2ccc(CCCCCC)cc2)c2cc(-c3ccc5c(c3)N(CC)C(=O)/C5=C(/C#N)c3cccs3)sc2-4)cc1,3.287085025563897
CCCCC(CC)CC(=O)c1cc(C)sc1-c1ccc(-c2sc(-c3cc4c(-c5cc(F)c(CC(CC)CCCC)s5)c5sc(C)cc5c(-c5cc(F)c(CC(CC)CCCC)s5)c4s3)cc2C(=O)CC(CC)CCCC)s1.CCCCCCc1ccc(C2(c3ccc(CCCCCC)cc3)c3cc4c(cc3-c3sc5cc(/C=C6\C(=O)c7cc(F)c(F)cc7C6=C(C#N)C#N)sc5c32)C(c2ccc(CCCCCC)cc2)(c2ccc(CCCCCC)cc2)c2c-4sc3cc(/C=C4\C(=O)c5cc(F)c(F)cc5C4=C(C#N)C#N)sc23)cc1,9.683735970769746
CCCCC(CC)Cc1ccc(-c2c3cc(-c4ccc(-c5sc(-c6ccc(C)s6)c6c5C(=O)c5c(CC(CC)CCCC)sc(CC(CC)CCCC)c5C6=O)s4)sc3c(-c3ccc(CC(CC)CCCC)s3)c3cc(C)sc23)s1.CCCCC(CC)CC1(CC(CC)CCCC)c2cc(-c3ccc(C=C4C(=O)c5cc(F)ccc5C4=C(C#N)C#N)s3)sc2-c2c1ccc1c3c(ccc21)C(CC(CC)CCCC)(CC(CC)CCCC)c1cc(-c2ccc(C=C4C(=O)c5cc(F)ccc5C4=C(C#N)C#N)s2)sc1-3,8.993817024455108
CCCCCCCCCCC(CCCCCCCC)COC(=O)c1cc(C)sc1-c1cc(F)c(-c2sc(-c3sc(C)cc3C(=O)OCC(CCCCCCCC)CCCCCCCCCC)cc2F)s1.CCCCCCc1ccc(C2(c3ccc(CCCCCC)cc3)c3cc4c(cc3-c3sc5cc(/C=C6\C(=O)c7cc(F)c(F)cc7C6=C(C#N)C#N)sc5c32)C(c2ccc(CCCCCC)cc2)(c2ccc(CCCCCC)cc2)c2c-4sc3cc(/C=C4\C(=O)c5cc(F)c(F)cc5C4=C(C#N)C#N)sc23)cc1,10.698909332989809
CCCCCCCCC(CCCCCC)Cn1nc2c(-c3ccc(C)s3)c(F)c(F)c(-c3ccc(-c4cc5c(-c6cc(F)c(CC(CC)CCCC)c(F)c6)c6sc(C)cc6c(-c6cc(F)c(CC(CC)CCCC)c(F)c6)c5s4)s3)c2n1.CCCCCCc1ccc(C2(c3ccc(CCCCCC)cc3)c3cc(/C=C4\C(=O)c5ccccc5C4=C(C#N)C#N)sc3-c3sc4c(OCC(CC)CCCC)c5c6c(sc5c(OCC(CC)CCCC)c4c32)-c2sc(/C=C3\C(=O)c4ccccc4C3=C(C#N)C#N)cc2C6(c2ccc(CCCCCC)cc2)c2ccc(CCCCCC)cc2)cc1,7.870587991346101
CCCCCCc1cc(-c2sc(-c3sc(-c4sc(C)cc4CCCCCC)cc3CCCCCC)cc2CCCCCC)sc1C.CCCCCCCCn1nc2c(/C=c3\sc(=C(C#N)C#N)n(CC)c3=O)ccc(-c3cc4c(s3)-c3cc5c(cc3C4(c3ccc(CCCCCC)cc3)c3ccc(CCCCCC)cc3)-c3sc(-c4ccc(/C=c6\sc(=C(C#N)C#N)n(CC)c6=O)c6nn(CCCCCCCC)nc46)cc3C5(c3ccc(CCCCCC)cc3)c3ccc(CCCCCC)cc3)c2n1,3.883613447966958
CCCCCCCCC(CCCCCC)COc1ccc(-c2ccc(-c3c4cc(-c5ccc(-c6c(F)c(F)c(-c7ccc(C)s7)c7nn(SCC(CCCC)CCCCCC)nc67)s5)sc4c(-c4ccc(-c5ccc(OCC(CCCCCC)CCCCCCCC)cc5)cc4)c4cc(C)sc34)cc2)cc1.CCCCCCc1ccc(C2(c3ccc(CCCCCC)cc3)c3cc4c(cc3-c3sc5cc(/C=C6\C(=O)c7ccccc7C6=C(C#N)C#N)sc5c32)C(c2ccc(CCCCCC)cc2)(c2ccc(CCCCCC)cc2)c2c-4sc3cc(/C=C4\C(=O)c5ccccc5C4=C(C#N)C#N)sc23)cc1,4.912963799552028
CCCCC(CC)Cc1ccc(-c2c3cc(-c4ccc(-c5sc(-c6ccc(C)s6)c6c5C(=O)c5c(CC(CC)CCCC)sc(CC(CC)CCCC)c5C6=O)s4)sc3c(-c3ccc(CC(CC)CCCC)s3)c3cc(C)sc23)s1.CCCCCCCCC1(CCCCCCCC)c2cc3c(cc2-c2cc4c(cc21)-c1sc(C=C2C(=O)c5cc(C)ccc5C2=C(C#N)C#N)cc1C4(CCCCCCCC)CCCCCCCC)C(CCCCCCCC)(CCCCCCCC)c1cc(C=C2C(=O)c4cc(C)ccc4C2=C(C#N)C#N)sc1-3,10.79623682510786
CCCCC(CC)Cc1ccc(-c2c3cc(-c4ccc(-c5sc(-c6ccc(C)s6)c6c5C(=O)c5c(CC(CC)CCCC)sc(CC(CC)CCCC)c5C6=O)s4)sc3c(-c3ccc(CC(CC)CCCC)s3)c3cc(C)sc23)s1.CCCCC(CC)CC1(CCCCC(C)CC)c2cc(/C=C3\C(=O)c4cc5ccccc5cc4C3=C(C#N)C#N)sc2-c2sc(-c3cc(F)c(-c4cc5c(s4)-c4sc(/C=C6\C(=O)c7cc8ccccc8cc7C6=C(C#N)C#N)cc4C5(CC(CC)CCCC)CC(CC)CCCC)cc3F)cc21,9.72150319699071
CCCCC(CC)COC(=O)c1sc2c(-c3cc4c(-c5ccc(CC(CC)CCCC)s5)c5sc(C)cc5c(-c5ccc(CC(CC)CCCC)s5)c4s3)sc(C)c2c1F.CCCCCCc1ccc(C2(c3ccc(CCCCCC)cc3)c3cc4c(cc3-c3sc5cc(/C=C6\C(=O)c7ccccc7C6=C(C#N)C#N)sc5c32)C(c2ccc(CCCCCC)cc2)(c2ccc(CCCCCC)cc2)c2c-4sc3cc(/C=C4\C(=O)c5ccccc5C4=C(C#N)C#N)sc23)cc1,7.644711608375046
CCCCC(CC)COC(=O)c1sc2c(-c3cc4c(-c5ccc(CC(CC)CCCC)s5)c5sc(C)cc5c(-c5ccc(CC(CC)CCCC)s5)c4s3)sc(C)c2c1F.CCCCCCC1(CCCCCC)c2cc3c(cc2-c2sc(/C=C4\C(=O)c5ccccc5C4=C(C#N)C#N)cc21)C(CCCCCC)(CCCCCC)c1cc(/C=C2\C(=O)c4ccccc4C2=C(C#N)C#N)sc1-3,7.008688383723205
CCCCC(CC)COC(=O)c1sc2c(-c3cc4c(-c5ccc(CC(CC)CCCC)s5)c5sc(C)cc5c(-c5ccc(CC(CC)CCCC)s5)c4s3)sc(C)c2c1F.CCCCCCCCOc1ccc2c(c1)-c1cc(OCCCCCCCC)ccc1C21c2cc(-c3ccc(/C=c4\sc(=C(C#N)C#N)n(CC)c4=O)c4nsnc34)ccc2-c2ccc(-c3ccc(/C=c4\sc(=C(C#N)C#N)n(CC)c4=O)c4nsnc34)cc21,8.476099150211464
CCCCC(CC)Cc1ccc(-c2c3cc(-c4ccc(-c5sc(-c6ccc(C)s6)c6c5C(=O)c5c(CC(CC)CCCC)sc(CC(CC)CCCC)c5C6=O)s4)sc3c(-c3ccc(CC(CC)CCCC)s3)c3cc(C)sc23)s1.CCCCCCCCC(CCCCCC)CC1(CCCCCCCCC(C)CCCCCC)c2cc3c(cc2-c2sc(/C=C4\C(=O)c5ccccc5C4=C(C#N)C#N)cc21)C(CC(CCCCCC)CCCCCCCC)(CC(CCCCCC)CCCCCCCC)c1cc(/C=C2\C(=O)c4ccccc4C2=C(C#N)C#N)sc1-3,8.894895509287855
CCCCC(CC)Cc1ccc(-c2c3cc(-c4ccc(-c5sc(-c6ccc(C)s6)c6c5C(=O)c5c(CC(CC)CCCC)sc(CC(CC)CCCC)c5C6=O)s4)sc3c(-c3ccc(CC(CC)CCCC)s3)c3cc(C)sc23)s1.CCCCCCc1ccc(C2(c3ccc(CCCCCC)cc3)c3cc(/C=C4\C(=O)c5cc(F)c(F)cc5C4=C(C#N)C#N)sc3-c3sc4c5c(sc4c32)-c2sc(/C=C3\C(=O)c4cc(F)c(F)cc4C3=C(C#N)C#N)cc2C5(c2ccc(CCCCCC)cc2)c2ccc(CCCCCC)cc2)cc1,11.076260294482404
CCCCC(CC)Cc1ccc(-c2c3cc(-c4ccc(-c5sc(-c6ccc(C)s6)c6c5C(=O)c5c(CC(CC)CCCC)sc(CC(CC)CCCC)c5C6=O)s4)sc3c(-c3ccc(CC(CC)CCCC)s3)c3cc(C)sc23)s1.CCCCCCc1ccc(C2(c3ccc(CCCCCC)cc3)c3c(sc4cc(/C=C5\C(=O)c6cc(F)c(F)cc6C5=C(C#N)C#N)sc34)-c3sc4c5c(sc4c32)-c2sc3cc(/C=C4\C(=O)c6cc(F)c(F)cc6C4=C(C#N)C#N)sc3c2C5(c2ccc(CCCCCC)cc2)c2ccc(CCCCCC)cc2)cc1,11.809317415076375
CCCCC(CC)Cc1sc(-c2c3cc(-c4ccc(-c5sc(-c6ccc(C)s6)c6c5C(=O)c5c(CC(CC)CCCC)sc(CC(CC)CCCC)c5C6=O)s4)sc3c(-c3cc(Cl)c(CC(CC)CCCC)s3)c3cc(C)sc23)cc1Cl.CCCCCCc1ccc(C2(c3ccc(CCCCCC)cc3)c3cc4c(cc3-c3sc(/C=C5\C(=O)c6ccccc6C5=C(C#N)C#N)cc32)C(c2ccc(CCCCCC)cc2)(c2ccc(CCCCCC)cc2)c2cc(/C=C3\C(=O)c5ccccc5C3=C(C#N)C#N)sc2-4)cc1,8.053845660183647
CCCCC(CC)Cc1sc(-c2c3cc(-c4ccc(-c5sc(-c6ccc(C)s6)c6c5C(=O)c5c(CC(CC)CCCC)sc(CC(CC)CCCC)c5C6=O)s4)sc3c(-c3cc(Cl)c(CC(CC)CCCC)s3)c3cc(C)sc23)cc1Cl.CCCCCCc1ccc(C2(c3ccc(CCCCCC)cc3)c3cc4c(cc3-c3sc(/C=C5\C(=O)c6cc(Cl)c(Cl)cc6C5=C(C#N)C#N)cc32)C(c2ccc(CCCCCC)cc2)(c2ccc(CCCCCC)cc2)c2cc(/C=C3\C(=O)c5cc(Cl)c(Cl)cc5C3=C(C#N)C#N)sc2-4)cc1,9.379354542921137
CCCCC(CC)Cc1sc(CC(CC)CCCC)c2c1C(=O)c1c(-c3ccc(C)s3)sc(-c3ccc(-c4cc5c(-c6cc7cc(B=O)ccc7s6)c6sc(C)cc6c(-c6cc7cc(B=O)ccc7s6)c5s4)s3)c1C2=O.CCCCCCc1ccc(C2(c3ccc(CCCCCC)cc3)c3cc4c(cc3-c3sc5cc(/C=C6\C(=O)c7ccc(C)cc7C6=C(C#N)C#N)sc5c32)C(c2ccc(CCCCCC)cc2)(c2ccc(CCCCCC)cc2)c2c-4sc3cc(/C=C4\C(=O)c5ccc(C)cc5C4=C(C#N)C#N)sc23)cc1,12.27379052317978
CCCCC(CC)Cc1ccc(-c2c3cc(-c4ccc(-c5sc(-c6ccc(C)s6)c6c5C(=O)c5c(CC(CC)CCCC)sc(CC(CC)CCCC)c5C6=O)s4)sc3c(-c3ccc(CC(CC)CCCC)s3)c3cc(C)sc23)s1.CCCCCCC1(CCCCCC)c2cc3c(cc2-c2sc(/C=C4\C(=O)c5ccccc5C4=C(C#N)C#N)cc21)C(CCCCCC)(CCCCCC)c1cc(/C=C2\C(=O)c4ccccc4C2=C(C#N)C#N)sc1-3,9.000162443767113
CCCCC(CC)Cc1ccc(-c2c3cc(-c4ccc(-c5sc(-c6ccc(C)s6)c6c5C(=O)c5c(CC(CC)CCCC)sc(CC(CC)CCCC)c5C6=O)s4)sc3c(-c3ccc(CC(CC)CCCC)s3)c3cc(C)sc23)s1.CCCCCCC1(CCCCCC)c2cc3c(cc2-c2sc(-c4ccc(/C=C5\SC(=S)N(CC)C5=O)c5n[se]nc45)cc21)C(CCCCCC)(CCCCCC)c1cc(-c2ccc(/C=C4\SC(=S)N(CC)C4=O)c4n[se]nc24)sc1-3,8.22032026882072
CCCCCCc1cc(-c2sc(-c3sc(-c4sc(C)cc4CCCCCC)cc3CCCCCC)cc2CCCCCC)sc1C.CCCCCCc1ccc(C2(c3ccc(CCCCCC)cc3)c3cc4c(cc3-c3sc(-c5ccc(/C=C(\C#N)C(=O)OCC)c6nsnc56)cc32)C(c2ccc(CCCCCC)cc2)(c2ccc(CCCCCC)cc2)c2cc(-c3ccc(/C=C(\C#N)C(=O)OCC)c5nsnc35)sc2-4)cc1,4.811482065464345
CCCCC(CC)Cc1ccc(-c2c3cc(-c4ccc(-c5sc(-c6ccc(C)s6)c6c5C(=O)c5c(CC(CC)CCCC)sc(CC(CC)CCCC)c5C6=O)s4)sc3c(-c3ccc(CC(CC)CCCC)s3)c3cc(C)sc23)s1.CCCCCCCCOc1c(-c2ccc(C=C3C(=O)c4cc(F)c(F)cc4C3=C(C#N)C#N)s2)sc2c1C(c1ccc(CCCCCC)cc1)(c1ccc(CCCCCC)cc1)c1cc3c(cc1-2)C(c1ccc(CCCCCC)cc1)(c1ccc(CCCCCC)cc1)c1c-3sc(-c2ccc(C=C3C(=O)c4cc(F)c(F)cc4C3=C(C#N)C#N)s2)c1OCCCCCCCC,10.550759479301142
CCCCC(CC)Cc1sc(-c2c3cc(-c4ccc(-c5sc(-c6ccc(C)s6)c6c5C(=O)c5c(CC(CC)CCCC)sc(CC(CC)CCCC)c5C6=O)s4)sc3c(-c3cc(F)c(CC(CC)CCCC)s3)c3cc(C)sc23)cc1F.CCCCCCc1ccc(C2(c3ccc(CCCCCC)cc3)c3cc4c(cc3-c3sc5cc(/C=C6\C(=O)c7cc(F)c(F)cc7C6=C(C#N)C#N)sc5c32)C(c2ccc(CCCCCC)cc2)(c2ccc(CCCCCC)cc2)c2c-4sc3cc(/C=C4\C(=O)c5cc(F)c(F)cc5C4=C(C#N)C#N)sc23)cc1,10.965613034677212
CCCCCCCCC(CCCCCC)Cn1nc2c(-c3ccc(C)s3)c(F)c(F)c(-c3ccc(-c4cc5c(-c6ccc(OCC(CC)CCCC)cc6)c6sc(C)cc6c(-c6ccc(OCC(CC)CCCC)cc6)c5s4)s3)c2n1.CCCCCCc1ccc(C2(c3ccc(CCCCCC)cc3)c3cc4c(cc3-c3sc5cc(/C=C6\C(=O)c7ccccc7C6=C(C#N)C#N)sc5c32)C(c2ccc(CCCCCC)cc2)(c2ccc(CCCCCC)cc2)c2c-4sc3cc(/C=C4\C(=O)c5ccccc5C4=C(C#N)C#N)sc23)cc1,4.823774966134223
CCCCC(CC)Cc1ccc(-c2c3cc(-c4ccc(-c5sc(-c6ccc(C)s6)c6c5C(=O)c5c(CC(CC)CCCC)sc(CC(CC)CCCC)c5C6=O)s4)sc3c(-c3ccc(CC(CC)CCCC)s3)c3cc(C)sc23)s1.CCCCCCC1(CCCCCC)c2cc(-c3sc(/C=C4\C(=O)c5cc6ccccc6cc5C4=C(C#N)C#N)cc3CC(CC)CCCC)ccc2-c2cc3c(cc21)-c1ccc(-c2sc(/C=C4\C(=O)c5cc6ccccc6cc5C4=C(C#N)C#N)cc2CC(CC)CCCC)cc1C3(CCCCCC)CCCCCC,5.807558543577259
CCCCC(CC)Cc1ccc(-c2c3cc(-c4ccc(-c5sc(-c6ccc(C)s6)c6c5C(=O)c5c(CC(CC)CCCC)sc(CC(CC)CCCC)c5C6=O)s4)sc3c(-c3ccc(CC(CC)CCCC)s3)c3cc(C)sc23)s1.CCCCCCc1ccc(C2(c3ccc(CCCCCC)cc3)c3cc4c(cc3-c3sc5cc(/C=C6\C(=O)c7ccc(C)cc7C6=C(C#N)C#N)sc5c32)C(c2ccc(CCCCCC)cc2)(c2ccc(CCCCCC)cc2)c2c-4sc3cc(/C=C4\C(=O)c5ccc(C)cc5C4=C(C#N)C#N)sc23)cc1,11.291013124297985
CCCCCCCCCN1C(=O)c2c(c(-c3ccc(-c4cc5c(-c6ccc(SCC(CC)CCCC)s6)c6sc(C)cc6c(-c6ccc(SCC(CC)CCCC)s6)c5s4)s3)c3nn(CCCCCCCC)nc3c2-c2ccc(C)s2)C1=O.CCCCCCc1ccc(C2(c3ccc(CCCCCC)s3)c3cc4c(cc3-c3sc5cc(/C=C6\C(=O)c7ccccc7C6=C(C#N)C#N)sc5c32)C(c2ccc(CCCCCC)s2)(c2ccc(CCCCCC)s2)c2c-4sc3cc(/C=C4\C(=O)c5ccccc5C4=C(C#N)C#N)sc23)s1,8.510554773027911
CCCCC(CC)Cc1ccc(-c2c3cc(-c4ccc(-c5sc(-c6ccc(C)s6)c6c5C(=O)c5c(CC(CC)CCCC)sc(CC(CC)CCCC)c5C6=O)s4)sc3c(-c3ccc(CC(CC)CCCC)s3)c3cc(C)sc23)s1.CCCCCCc1ccc(C2(c3ccc(CCCCCC)cc3)c3cc4c(cc3-c3sc5cc(/C=C6\C(=O)c7cc(C)c(C)cc7C6=C(C#N)C#N)sc5c32)C(c2ccc(CCCCCC)cc2)(c2ccc(CCCCCC)cc2)c2c-4sc3cc(/C=C4\C(=O)c5cc(C)c(C)cc5C4=C(C#N)C#N)sc23)cc1,11.652477330459899
CCCCC(CC)COC(=O)c1sc2c(-c3cc4c(-c5ccc(CC(CC)CCCC)s5)c5sc(C)cc5c(-c5ccc(CC(CC)CCCC)s5)c4s3)sc(C)c2c1F.CCCCCCc1ccc(C2(c3ccc(CCCCCC)cc3)c3cc4c(cc3-c3sc5cc(C=C6C(=O)N(CC)C(=S)N(CC)C6=O)sc5c32)C(c2ccc(CCCCCC)cc2)(c2ccc(CCCCCC)cc2)c2c-4sc3cc(C=C4C(=O)N(CC)C(=S)N(CC)C4=O)sc23)cc1,7.489417401172611
CCCCC(CC)Cc1ccc(-c2c3cc(-c4ccc(-c5sc(-c6ccc(C)s6)c6c5C(=O)c5c(CC(CC)CCCC)sc(CC(CC)CCCC)c5C6=O)s4)sc3c(-c3ccc(CC(CC)CCCC)s3)c3cc(C)sc23)s1.CCCCCCc1ccc(C2(c3ccc(CCCCCC)cc3)c3cc4c(cc3-c3sc(C=C5C(=O)N(CC)C(=S)N(CC)C5=O)cc32)C(c2ccc(CCCCCC)cc2)(c2ccc(CCCCCC)cc2)c2cc(C=C3C(=O)N(CC)C(=S)N(CC)C3=O)sc2-4)cc1,6.996144702986391
CCCCC(CC)Cc1ccc(-c2c3cc(-c4ccc(-c5sc(-c6ccc(C)s6)c6c5C(=O)c5c(CC(CC)CCCC)sc(CC(CC)CCCC)c5C6=O)s4)sc3c(-c3ccc(CC(CC)CCCC)s3)c3cc(C)sc23)s1.CCCCCCC(CCCC)CSOc1ccc(C2(c3ccc(OSCC(CCCC)CCCCCC)cc3)c3cc(/C=C4\C(=O)c5ccccc5C4=C(C#N)C#N)sc3-c3c2ccc2c4c(ccc32)C(c2ccc(OSCC(CCCC)CCCCCC)cc2)(c2ccc(OSCC(CCCC)CCCCCC)cc2)c2cc(/C=C3\C(=O)c5ccccc5C3=C(C#N)C#N)sc2-4)cc1,9.603212362232906
CCCCC(CC)Cc1ccc(-c2c3cc(-c4ccc(-c5sc(-c6ccc(C)s6)c6c5C(=O)c5c(CC(CC)CCCC)sc(CC(CC)CCCC)c5C6=O)s4)sc3c(-c3ccc(CC(CC)CCCC)s3)c3cc(C)sc23)s1.CCCCCCCCC1(CCCCCCCC)c2cc3c(cc2-c2cc4c(cc21)-c1sc2cc(/C=C5\C(=O)c6ccccc6C5=C(C#N)C#N)sc2c1C4(CCCCCCCC)CCCCCCCC)C(CCCCCCCC)(CCCCCCCC)c1c-3sc2cc(/C=C3\C(=O)c4ccccc4C3=C(C#N)C#N)sc12,10.61085512646021
CCCCC(CC)COC(=O)c1sc2c(-c3cc4c(-c5ccc(CC(CC)CCCC)s5)c5sc(C)cc5c(-c5ccc(CC(CC)CCCC)s5)c4s3)sc(C)c2c1F.CCCCCCCCC1(CCCCCCCC)c2cc3c(cc2-c2cc4c(cc21)-c1sc2cc(/C=C5\C(=O)c6ccccc6C5=C(C#N)C#N)sc2c1C4(CCCCCCCC)CCCCCCCC)C(CCCCCCCC)(CCCCCCCC)c1c-3sc2cc(/C=C3\C(=O)c4ccccc4C3=C(C#N)C#N)sc12,9.425585146652116
CCCCCCCCC(CCCCCC)CSc1ccc(-c2ccc(-c3c4cc(-c5ccc(-c6c(F)c(F)c(-c7ccc(C)s7)c7nn(CC(CCCCCC)CCCCCCCC)nc67)s5)sc4c(-c4ccc(-c5ccc(SCC(CCCCCC)CCCCCCCC)cc5)cc4)c4cc(C)sc34)cc2)cc1.CCCCCCc1ccc(C2(c3ccc(CCCCCC)cc3)c3cc4c(cc3-c3sc5cc(/C=C6\C(=O)c7ccccc7C6=C(C#N)C#N)sc5c32)C(c2ccc(CCCCCC)cc2)(c2ccc(CCCCCC)cc2)c2c-4sc3cc(/C=C4\C(=O)c5ccccc5C4=C(C#N)C#N)sc23)cc1,5.889606081774794
CCCCCCCCC(CCCCCC)COc1ccc(-c2ccc(-c3c4cc(-c5ccc(-c6c(F)c(F)c(-c7ccc(C)s7)c7nn(SCC(CCCC)CCCCCC)nc67)s5)sc4c(-c4ccc(-c5ccc(OCC(CCCCCC)CCCCCCCC)cc5)cc4)c4cc(C)sc34)cc2)cc1.CCCCCCc1ccc(C2(c3ccc(CCCCCC)cc3)c3cc4c(cc3-c3sc5cc(/C=C6\C(=O)c7ccccc7C6=C(C#N)C#N)sc5c32)C(c2ccc(CCCCCC)cc2)(c2ccc(CCCCCC)cc2)c2c-4sc3cc(/C=C4\C(=O)c5ccccc5C4=C(C#N)C#N)sc23)cc1,4.912963799552028
CCCCCCCCCCC(CCCCCCCC)Cc1cc(-c2c(F)c(F)c(-c3cc(CC(CCCCCCCC)CCCCCCCCCC)c(-c4cc5c(-c6ccc([Si](CCC)(CCC)CCC)s6)c6sc(C)cc6c(-c6ccc([Si](CCC)(CCC)CCC)s6)c5s4)s3)c3nsnc23)sc1C.CCCCCCC1(CCCCCC)c2cc3c(cc2-c2sc(/C=C4\C(=O)c5ccccc5C4=C(C#N)C#N)cc21)C(CCCCCC)(CCCCCC)c1cc(/C=C2\C(=O)c4ccccc4C2=C(C#N)C#N)sc1-3,10.075835642612086
CCCCC(CC)COc1c2cc(-c3ccc(-c4sc(-c5ccc(C)s5)c5c4C(=O)c4c(CC(CC)CCCC)sc(CC(CC)CCCC)c4C5=O)s3)sc2c(OCC(CC)CCCC)c2cc(C)sc12.CCCCCCc1ccc(C2(c3ccc(CCCCCC)cc3)c3cc4c(cc3-c3sc5cc(/C=C6\C(=O)c7ccccc7C6=C(C#N)C#N)sc5c32)C(c2ccc(CCCCCC)cc2)(c2ccc(CCCCCC)cc2)c2c-4sc3cc(/C=C4\C(=O)c5ccccc5C4=C(C#N)C#N)sc23)cc1,6.478284584363857
CCCCC(CC)Cc1ccc(-c2c3cc(-c4ccc(-c5sc(-c6ccc(C)s6)c6c5C(=O)c5c(CC(CC)CCCC)sc(CC(CC)CCCC)c5C6=O)s4)sc3c(-c3ccc(CC(CC)CCCC)s3)c3cc(C)sc23)s1.CCCCCCc1ccc(C2(c3ccc(CCCCCC)cc3)c3cc(/C=C4\C(=O)c5ccc(C)cc5C4=C(C#N)C#N)sc3-c3sc4cc5c6c(sc5cc4c32)-c2sc(/C=C3\C(=O)c4ccc(C)cc4C3=C(C#N)C#N)cc2C6(c2ccc(CCCCCC)cc2)c2ccc(CCCCCC)cc2)cc1,11.39242721612945
CCCCCCCCC(CCCCCC)Cc1ccc(-c2c3cc(-c4ccc(-c5c(F)c(F)c(-c6ccc(C)s6)c6nn(CCCCCCCC)nc56)s4)sc3c(-c3ccc(CCCCCCCCC(C)CCCCCC)s3)c3cc(C)sc23)s1.CCCCCCc1ccc(C2(c3ccc(CCCCCC)cc3)c3cc4c(cc3-c3sc5cc(/C=C6\C(=O)c7ccccc7C6=C(C#N)C#N)sc5c32)C(c2ccc(CCCCCC)cc2)(c2ccc(CCCCCC)cc2)c2c-4sc3cc(/C=C4\C(=O)c5ccccc5C4=C(C#N)C#N)sc23)cc1,8.37955187149122
CCCCCCCCC(CCCCCC)Cn1nc2c(-c3ccc(C)s3)c(F)c(F)c(-c3ccc(-c4cc5c(-c6ccc(SCC(CC)CCCC)s6)c6sc(C)cc6c(-c6ccc(SCC(CC)CCCC)s6)c5s4)s3)c2n1.CCCCCCc1ccc(C2(c3ccc(CCCCCC)cc3)c3cc4c(cc3-c3sc5cc(/C=C6\C(=O)c7ccccc7C6=C(C#N)C#N)sc5c32)C(c2ccc(CCCCCC)cc2)(c2ccc(CCCCCC)cc2)c2c-4sc3cc(/C=C4\C(=O)c5ccccc5C4=C(C#N)C#N)sc23)cc1,8.506387912786666
CCCCC(CC)Cc1ccc(-c2c3cc(-c4ccc(-c5sc(-c6ccc(C)s6)c6c5C(=O)c5c(CC(CC)CCCC)sc(CC(CC)CCCC)c5C6=O)s4)sc3c(-c3ccc(CC(CC)CCCC)s3)c3cc(C)sc23)s1.CCCCCCc1ccc(C2(c3ccc(CCCCCC)cc3)c3cc(/C=C4\C(=O)c5ccc(C)cc5C4=C(C#N)C#N)sc3-c3sc4c5c(sc4c32)-c2sc(/C=C3\C(=O)c4ccc(C)cc4C3=C(C#N)C#N)cc2C5(c2ccc(CCCCCC)cc2)c2ccc(CCCCCC)cc2)cc1,11.711863993226002
CCCCC(CC)COC(=O)c1sc2c(-c3cc4c(-c5ccc(CC(CC)CCCC)s5)c5sc(C)cc5c(-c5ccc(CC(CC)CCCC)s5)c4s3)sc(C)c2c1F.CCCCCCC1(CCCCCC)c2cc(-c3ccc(/C=C(\C#N)C(=O)OCC)s3)ccc2-c2cc3c(cc21)-c1ccc(-c2ccc(/C=C(\C#N)C(=O)OCC)s2)cc1C3(CCCCCC)CCCCCC,4.440100892882204
CCCCCCCCCCCCSOc1c(OSCCCCCCCCCCCC)c(-c2ccc(-c3cc4c(-c5ccc(SCC(CC)CCCC)cc5)c5sc(C)cc5c(-c5ccc(SCC(CC)CCCC)cc5)c4s3)s2)c2nsnc2c1-c1ccc(C)s1.CCCCCCCCC(CCCCCC)Cn1c2cc(-c3ccc(/C=C4\SC(=S)N(CC)C4=O)c4nsnc34)ccc2c2ccc(-c3ccc(/C=C4\SC(=S)N(CC)C4=O)c4nsnc34)cc21,3.7894104524073917
CCCCC(CC)COC(=O)c1sc2c(-c3cc4c(-c5ccc(CC(CC)CCCC)s5)c5sc(C)cc5c(-c5ccc(CC(CC)CCCC)s5)c4s3)sc(C)c2c1F.CCCCCCn1c2cc(-c3ccc(/C=C4\SC(=S)N(CC)C4=O)c4nsnc34)ccc2c2ccc(-c3ccc(/C=C4\SC(=S)N(CC)C4=O)c4nsnc34)cc21,8.363995310664917
CCCCCCc1cc(-c2sc(-c3sc(-c4sc(C)cc4CCCCCC)cc3CCCCCC)cc2CCCCCC)sc1C.CCCCCCCCn1nc2c(/C=C3\SC(=S)N(CC)C3=O)ccc(-c3cc4c(s3)-c3cc5c(cc3C4(c3ccc(CCCCCC)cc3)c3ccc(CCCCCC)cc3)-c3sc(-c4ccc(/C=C6\SC(=S)N(CC)C6=O)c6nn(CCCCCCCC)nc46)cc3C5(c3ccc(CCCCCC)cc3)c3ccc(CCCCCC)cc3)c2n1,3.7241349555587524
CCCCCCc1cc(-c2sc(-c3sc(-c4sc(C)cc4CCCCCC)cc3CCCCCC)cc2CCCCCC)sc1C.CCCCCCCCC1(CCCCCCCC)c2cc3c(cc2-c2sc(-c4ccc(/C=C5/SC(=O)N(CC)C5=O)c5nsnc45)cc21)C(CCCCCCCC)(CCCCCCCC)c1cc(-c2ccc(/C=C4/SC(=O)N(CC)C4=O)c4nsnc24)sc1-3,6.577096068427496
CCCCC(CC)Cc1ccc(-c2c3cc(-c4ccc(-c5sc(-c6ccc(C)s6)c6c5C(=O)c5c(CC(CC)CCCC)sc(CC(CC)CCCC)c5C6=O)s4)sc3c(-c3ccc(CC(CC)CCCC)s3)c3cc(C)sc23)s1.CCCCCCCCn1c2cc3c(cc2c2cc4c(cc21)-c1sc(-c2ccc(/C=C5\C(=O)c6ccccc6C5=C(C#N)C#N)s2)cc1C4(c1ccc(CCCCCC)cc1)c1ccc(CCCCCC)cc1)C(c1ccc(CCCCCC)cc1)(c1ccc(CCCCCC)cc1)c1cc(-c2ccc(/C=C4\C(=O)c5ccccc5C4=C(C#N)C#N)s2)sc1-3,7.010365767757712
CCCCC(CC)COc1ccc(-c2nc3c(-c4ccc(C)s4)c(F)c(F)c(-c4ccc(-c5cc6c(-c7ccc(SCC(CC)CCCC)cc7)c7sc(C)cc7c(-c7ccc(SCC(CC)CCCC)cc7)c6s5)s4)c3nc2-c2ccc(OCC(CC)CCCC)c(F)c2)cc1F.CCCCCCc1ccc(C2(c3ccc(CCCCCC)cc3)c3cc4c(cc3-c3sc5cc(/C=C6\C(=O)c7ccccc7C6=C(C#N)C#N)sc5c32)C(c2ccc(CCCCCC)cc2)(c2ccc(CCCCCC)cc2)c2c-4sc3cc(/C=C4\C(=O)c5ccccc5C4=C(C#N)C#N)sc23)cc1,7.024544016420043
CCCCC(CC)COC(=O)c1sc2c(-c3cc4c(-c5ccc(CC(CC)CCCC)s5)c5sc(C)cc5c(-c5ccc(CC(CC)CCCC)s5)c4s3)sc(C)c2c1F.CCCCCCc1ccc(C2(c3ccc(CCCCCC)cc3)c3cc4c(cc3-c3sc(-c5sc(/C=C6\C(=O)c7cc(F)c(F)cc7C6=C(C#N)C#N)cc5OCC(CC)CCCC)cc32)C(c2ccc(CCCCCC)cc2)(c2ccc(CCCCCC)cc2)c2cc(-c3sc(/C=C5\C(=O)c6cc(F)c(F)cc6C5=C(C#N)C#N)cc3OCC(CC)CCCC)sc2-4)cc1,9.021113913032103
