DA_manual_aug_str,calc_PCE_percent
CCCCC(CC)Cc1ccc(-c2c3cc(C)sc3c(-c3ccc(CC(CC)CCCC)s3)c3ccsc23)s1.c1ccsc1.CCCCC(CC)COC(=O)c1csc2c(C(=O)OCC(CC)CCCC)csc12.Cc1cccs1.C=C1C(=O)c2ccccc2C1=C(C#N)C#N.c1cc2sccc2s1.CCCCCCc1ccc(-c2(-c3ccc(CCCCCC)cc3)cccc2)cc1.c1cc2sccc2s1.CCCCCCc1ccc(-c2(-c3ccc(CCCCCC)cc3)cccc2)cc1.c1cc2sccc2s1.C=C1C(=O)c2ccccc2C1=C(C#N)C#N,9.397257611703466
CCCCC(CC)CSc1sc(-c2c3cc(C)sc3c(-c3cc(F)c(SCC(CC)CCCC)s3)c3ccsc23)cc1F.c1ccsc1.CCCCCCCCC(CCCCCC)Cn1nc2cc(F)c(F)cc2n1.Cc1cccs1.C=c1sc(=C(C#N)C#N)n(CC)c1=O.CCCCCCCCn1nc2ccccc2n1.c1cc2sccc2s1.CCCCCCc1ccc(-c2(-c3ccc(CCCCCC)cc3)cccc2)cc1.c1ccccc1.CCCCCCc1ccc(-c2(-c3ccc(CCCCCC)cc3)cccc2)cc1.c1cc2sccc2s1.CCCCCCCCn1nc2ccccc2n1.C=c1sc(=C(C#N)C#N)n(CC)c1=O,7.970732858911646
CCCCCCCCC(CCCCCC)Cc1ccc(-c2c3ccsc3c(-c3ccc(CCCCCCCCC(C)CCCCCC)s3)c3cc(C)sc23)s1.c1ccsc1.CCCCCCCCn1nc2cc(F)c(F)cc2n1.Cc1cccs1.C=C1C(=O)c2ccccc2C1=C(C#N)C#N.c1ccsc1.CCCCCCc1(CCCCCC)cccc1.c1ccccc1.CCCCCCc1(CCCCCC)cccc1.c1ccsc1.C=C1C(=O)c2ccccc2C1=C(C#N)C#N,9.56651306987679
CCCCCCCCc1ccc(-c2c3sc4cc(C)sc4c3c(-c3ccc(CCCCCCCC)s3)c3sc4ccsc4c23)s1.c1ccsc1.CCCCC(CC)Cc1sc(CC(CC)CCCC)c2c1C(=O)c1cscc1C2=O.Cc1cccs1.C=C1C(=O)c2ccccc2C1=C(C#N)C#N.c1ccsc1.CCCCCCc1(CCCCCC)cccc1.c1ccccc1.CCCCCCc1(CCCCCC)cccc1.c1ccsc1.C=C1C(=O)c2ccccc2C1=C(C#N)C#N,9.658615333317627
Cc1cccs1.CCCCCCC(CCCC)CSOC(=O)c1ccsc1.CCCCCCC(CCCC)CSOC(=O)c1ccsc1.Cc1cccs1.C=C1C(=O)c2ccccc2C1=C(C#N)C#N.c1ccsc1.CCCCCCc1(CCCCCC)cccc1.c1ccccc1.CCCCCCc1(CCCCCC)cccc1.c1ccsc1.C=C1C(=O)c2ccccc2C1=C(C#N)C#N,9.551208901319582
Cc1cccs1.CCCCCCC(CCCC)CSOC(=O)c1ccsc1.CCCCCCC(CCCC)CSOC(=O)c1ccsc1.Cc1cccs1.C=C1C(=O)c2cc3ccccc3cc2C1=C(C#N)C#N.c1cc2sccc2s1.CCCCCCC(CCCC)CSc1ccc(-c2(-c3ccc(SCC(CCCC)CCCCCC)cc3)cccc2)cc1.c1ccccc1.CCCCCCC(CCCC)CSc1ccc(-c2(-c3ccc(SCC(CCCC)CCCCCC)cc3)cccc2)cc1.c1cc2sccc2s1.C=C1C(=O)c2cc3ccccc3cc2C1=C(C#N)C#N,8.559550244825846
CCC[Si](CCC)(CCC)c1ccc(-c2c3cc(C)sc3c(-c3ccc([Si](CCC)(CCC)CCC)s3)c3ccsc23)s1.c1ccsc1.CCCCCCCCC(CCCCCC)Cn1nc2cc(F)c(F)cc2n1.Cc1cccs1.C=C1C(=O)c2cc3ccccc3cc2C1=C(C#N)C#N.c1cc2sccc2s1.CCCCCCC(CCCC)CSOc1ccc(-c2(-c3ccc(OSCC(CCCC)CCCCCC)cc3)cccc2)cc1.c1ccccc1.CCCCCCC(CCCC)CSOc1ccc(-c2(-c3ccc(OSCC(CCCC)CCCCCC)cc3)cccc2)cc1.c1cc2sccc2s1.C=C1C(=O)c2cc3ccccc3cc2C1=C(C#N)C#N,10.397892822461424
CCCCC(CC)Cc1ccc(-c2c3cc(C)sc3c(-c3ccc(CC(CC)CCCC)s3)c3ccsc23)s1.CCCCC(CC)COC(=O)c1sc2csc(C)c2c1F.C=C1C(=O)c2cc(Cl)c(Cl)cc2C1=C(C#N)C#N.CCCCC(CC)COc1ccsc1.c1ccsc1.CCCCCCc1ccc(-c2(-c3ccc(CCCCCC)cc3)cccc2)cc1.c1ccccc1.CCCCCCc1ccc(-c2(-c3ccc(CCCCCC)cc3)cccc2)cc1.c1ccsc1.CCCCC(CC)COc1ccsc1.C=C1C(=O)c2cc(Cl)c(Cl)cc2C1=C(C#N)C#N,9.14669128155722
CCCCCCCCSc1ccc(-c2c3cc(C)sc3c(-c3ccc(SCCCCCCCC)s3)c3ccsc23)s1.c1ccsc1.CCCCCCCCC(CCCCCC)Cn1nc2cc(F)c(F)cc2n1.Cc1cccs1.C=C1C(=O)c2ccccc2C1=C(C#N)C#N.c1cc2sccc2s1.CCCCCCc1ccc(-c2(-c3ccc(CCCCCC)cc3)cccc2)cc1.c1ccccc1.CCCCCCc1ccc(-c2(-c3ccc(CCCCCC)cc3)cccc2)cc1.c1cc2sccc2s1.C=C1C(=O)c2ccccc2C1=C(C#N)C#N,8.709336035618952
CCCCC(CC)COc1c2cc(C)sc2c(OCC(CC)CCCC)c2ccsc12.Cc1scc(F)c1F.C=C1C(=O)c2ccccc2C1=C(C#N)C#N.c1cc2sccc2s1.CCCCCCc1ccc(-c2(-c3ccc(CCCCCC)cc3)cccc2)cc1.c1ccccc1.CCCCCCc1ccc(-c2(-c3ccc(CCCCCC)cc3)cccc2)cc1.c1cc2sccc2s1.C=C1C(=O)c2ccccc2C1=C(C#N)C#N,4.622733654060191
CCCCCCC(CCCC)CSSc1ccc(-c2c3cc(C)sc3c(-c3ccc(SSCC(CCCC)CCCCCC)s3)c3ccsc23)s1.CCCCCCCCc1ccsc1.Fc1cc2nsnc2cc1F.CCCCCCCCc1ccsc1C.C=C1C(=O)c2ccccc2C1=C(C#N)C#N.c1cc2sccc2s1.CCCCCCc1ccc(-c2(-c3ccc(CCCCCC)cc3)cccc2)cc1.c1ccccc1.CCCCCCc1ccc(-c2(-c3ccc(CCCCCC)cc3)cccc2)cc1.c1cc2sccc2s1.C=C1C(=O)c2ccccc2C1=C(C#N)C#N,10.217754230257523
CCCCCCC(CCCC)CSSc1sc(-c2c3cc(C)sc3c(-c3cc(F)c(SSCC(CCCC)CCCCCC)s3)c3ccsc23)cc1F.CCCCCCCCc1ccsc1.Fc1cc2nsnc2cc1F.CCCCCCCCc1ccsc1C.C=C1C(=O)c2ccccc2C1=C(C#N)C#N.c1cc2sccc2s1.CCCCCCc1ccc(-c2(-c3ccc(CCCCCC)cc3)cccc2)cc1.c1ccccc1.CCCCCCc1ccc(-c2(-c3ccc(CCCCCC)cc3)cccc2)cc1.c1cc2sccc2s1.C=C1C(=O)c2ccccc2C1=C(C#N)C#N,10.545073106071232
CCCCCCCCC(CCCCCC)Cc1ccc(-c2c3ccsc3c(-c3ccc(CCCCCCCCC(C)CCCCCC)s3)c3cc(C)sc23)s1.CCCCCCCCc1ccsc1.c1nnco1.CCCCCCCCc1ccsc1C.C=C1C(=O)c2ccccc2C1=C(C#N)C#N.c1cc2sccc2s1.CCCCCCc1ccc(-c2(-c3ccc(CCCCCC)s3)cccc2)s1.c1ccccc1.CCCCCCc1ccc(-c2(-c3ccc(CCCCCC)s3)cccc2)s1.c1cc2sccc2s1.C=C1C(=O)c2ccccc2C1=C(C#N)C#N,9.366622681208298
CCC[Si](CCC)(CCC)c1ccc(-c2c3cc(C)sc3c(-c3ccc([Si](CCC)(CCC)CCC)s3)c3ccsc23)s1.c1ccsc1.CCCCCCCCC(CCCCCC)Cn1nc2cc(F)c(F)cc2n1.Cc1cccs1.C=C/C=C1\C(=O)c2ccccc2C1=C(C#N)C#N.c1cc2sccc2s1.CCCCCCc1ccc(-c2(-c3ccc(CCCCCC)cc3)cccc2)cc1.c1ccccc1.CCCCCCc1ccc(-c2(-c3ccc(CCCCCC)cc3)cccc2)cc1.c1cc2sccc2s1.C=C/C=C1\C(=O)c2ccccc2C1=C(C#N)C#N,10.316526647298774
CC[Si](CC)(CC)c1ccc(-c2c3cc(C)sc3c(-c3ccc([Si](CC)(CC)CC)s3)c3ccsc23)s1.c1ccsc1.CCCCCCCCC(CCCCCC)Cn1nc2cc(F)c(F)cc2n1.Cc1cccs1.C=C1C(=O)c2ccccc2C1=C(C#N)C#N.c1cc2sccc2s1.CCCCCCc1cccc(-c2(-c3cccc(CCCCCC)c3)cccc2)c1.c1ccccc1.CCCCCCc1cccc(-c2(-c3cccc(CCCCCC)c3)cccc2)c1.c1cc2sccc2s1.C=C1C(=O)c2ccccc2C1=C(C#N)C#N,10.081308102534914
CCC[Si](CCC)(CCC)c1ccc(-c2c3cc(C)sc3c(-c3ccc([Si](CCC)(CCC)CCC)s3)c3ccsc23)s1.c1ccsc1.CCCCCCCCC(CCCCCC)Cn1nc2cc(F)c(F)cc2n1.Cc1cccs1.C=C1C(=O)c2ccccc2C1=C(C#N)C#N.c1cc2sccc2s1.CCCCCCc1cccc(-c2(-c3cccc(CCCCCC)c3)cccc2)c1.c1ccccc1.CCCCCCc1cccc(-c2(-c3cccc(CCCCCC)c3)cccc2)c1.c1cc2sccc2s1.C=C1C(=O)c2ccccc2C1=C(C#N)C#N,10.184837330041763
Cc1cc2c(-c3ccc(CC(C)[Si](C(C)C)C(C)C)s3)c3sccc3c(-c3ccc([Si](C(C)C)(C(C)C)C(C)C)s3)c2s1.c1ccsc1.CCCCCCCCC(CCCCCC)Cn1nc2cc(F)c(F)cc2n1.Cc1cccs1.C=C1C(=O)c2ccccc2C1=C(C#N)C#N.c1cc2sccc2s1.CCCCCCc1cccc(-c2(-c3cccc(CCCCCC)c3)cccc2)c1.c1ccccc1.CCCCCCc1cccc(-c2(-c3cccc(CCCCCC)c3)cccc2)c1.c1cc2sccc2s1.C=C1C(=O)c2ccccc2C1=C(C#N)C#N,9.194176937531005
CCCCC(CC)Cc1ccc(-c2c3cc(C)sc3c(-c3ccc(CC(CC)CCCC)s3)c3ccsc23)s1.c1ccsc1.CCCCCCCCOc1cccc(-c2nc3ccccc3nc2-c2cccc(OCCCCCCCC)c2)c1.Cc1cccs1.C=C1C(=O)c2ccccc2C1=C(C#N)C#N.c1cc2sccc2s1.CCCCCCc1ccc(-c2(-c3ccc(CCCCCC)cc3)cccc2)cc1.c1ccccc1.CCCCCCc1ccc(-c2(-c3ccc(CCCCCC)cc3)cccc2)cc1.c1cc2sccc2s1.C=C1C(=O)c2ccccc2C1=C(C#N)C#N,6.818082752336326
CCCCCCC(CC)c1sc(-c2c3cc(C)sc3c(-c3cc(F)c(C(CC)CCCCCC)s3)c3ccsc23)cc1F.c1ccsc1.CCCCCCCCCC(CCCCCC)n1nc2cc(F)c(F)cc2n1.Cc1cccs1.C=C1C(=O)c2ccc(C)cc2C1=C(C#N)C#N.c1cc2sccc2s1.CCCCCCc1ccc(-c2(-c3ccc(CCCCCC)cc3)cccc2)cc1.c1ccccc1.CCCCCCc1ccc(-c2(-c3ccc(CCCCCC)cc3)cccc2)cc1.c1cc2sccc2s1.C=C1C(=O)c2ccc(C)cc2C1=C(C#N)C#N,11.100768574287617
CCCCCCC(CC)c1sc(-c2c3cc(C)sc3c(-c3cc(F)c(C(CC)CCCCCC)s3)c3ccsc23)cc1F.c1ccsc1.CCCCCCCCCC(CCCCCC)n1nc2cc(F)c(F)cc2n1.Cc1cccs1.C=C1C(=O)c2cc(F)c(F)cc2C1=C(C#N)C#N.c1cc2sccc2s1.CCCCCCc1ccc(-c2(-c3ccc(CCCCCC)cc3)cccc2)cc1.c1ccccc1.CCCCCCc1ccc(-c2(-c3ccc(CCCCCC)cc3)cccc2)cc1.c1cc2sccc2s1.C=C1C(=O)c2cc(F)c(F)cc2C1=C(C#N)C#N,11.354519668820721
CCCCC(CC)Cc1ccc(-c2c3cc(C)sc3c(-c3ccc(CC(CC)CCCC)s3)c3ccsc23)s1.c1ccsc1.CCCCC(CC)Cc1sc(CC(CC)CCCC)c2c1C(=O)c1cscc1C2=O.Cc1cccs1.C=C1C(=O)c2ccccc2C1=C(C#N)C#N.c1cc2sccc2s1.CCCCCCc1ccc(-c2(-c3ccc(CCCCCC)cc3)cccc2)cc1.c1ccccc1.CCCCCCc1ccc(-c2(-c3ccc(CCCCCC)cc3)cccc2)cc1.c1cc2sccc2s1.C=C1C(=O)c2ccccc2C1=C(C#N)C#N,8.4545547063841
CCCCC(CC)COc1c2cc(C)sc2c(OCC(CC)CCCC)c2ccsc12.CCCCC(CC)COC(=O)c1sc2csc(C)c2c1F.C=c1sc(=C(C#N)C#N)n(CC)c1=O.c1ccc2nsnc2c1.c1ccccc1.CCCCCCCCOc1ccc2c(c1)-c1cc(OCCCCCCCC)ccc1-c-21cccc1.c1ccccc1.c1ccc2nsnc2c1.C=c1sc(=C(C#N)C#N)n(CC)c1=O,1.9637691745214472
CCCCC(CC)Cc1ccc(-c2c3cc(C)sc3c(-c3ccc(CC(CC)CCCC)s3)c3ccsc23)s1.CCCCC(CC)COC(=O)c1sc2csc(C)c2c1F.C=c1sc(=C(C#N)C#N)n(CC)c1=O.c1ccc2nsnc2c1.c1ccccc1.CCCCCCCCOc1ccc2c(c1)-c1cc(OCCCCCCCC)ccc1-c-21cccc1.c1ccccc1.c1ccc2nsnc2c1.C=c1sc(=C(C#N)C#N)n(CC)c1=O,4.967239583403195
CCCCC(CC)Cc1ccc(-c2c3cc(C)sc3c(-c3ccc(CC(CC)CCCC)s3)c3ccsc23)s1.CCCCC(CC)COC(=O)c1cc2c(C)scc2s1.C=C1C(=O)c2ccccc2C1=C(C#N)C#N.CCCCC(CC)Cc1ccsc1.c1ccsc1.CCCCCCc1ccc(-c2(-c3ccc(CCCCCC)cc3)cccc2)cc1.c1ccccc1.CCCCCCc1ccc(-c2(-c3ccc(CCCCCC)cc3)cccc2)cc1.c1ccsc1.CCCCC(CC)Cc1ccsc1.C=C1C(=O)c2ccccc2C1=C(C#N)C#N,6.645162652680579
CCCCC(CC)Cc1ccc(-c2c3cc(C)sc3c(-c3ccc(CC(CC)CCCC)s3)c3ccsc23)s1.CCCCCCOC(=O)c1sc2csc(C)c2c1F.C=C1C(=O)c2ccccc2C1=C(C#N)C#N.CCCCC(CC)COc1ccsc1.c1ccsc1.CCCCCCc1ccc(-c2(-c3ccc(CCCCCC)cc3)cccc2)cc1.c1ccccc1.CCCCCCc1ccc(-c2(-c3ccc(CCCCCC)cc3)cccc2)cc1.c1ccsc1.CCCCC(CC)COc1ccsc1.C=C1C(=O)c2ccccc2C1=C(C#N)C#N,6.890438832448304
CCCCCCc1ccsc1C.CCCCCCc1ccsc1.CCCCCCc1ccsc1.CCCCCCc1csc(C)c1.C=C1C(=O)c2ccccc2C1=C(C#N)C#N.c1ccsc1.c1ccccc1.CCCCCCCC[si]1(CCCCCCCC)cccc1.c1ccccc1.c1ccsc1.C=C1C(=O)c2ccccc2C1=C(C#N)C#N,4.808961302288574
CCCCCCc1ccsc1C.CCCCCCc1ccsc1.CCCCCCc1ccsc1.CCCCCCc1csc(C)c1.C=C1C(=O)N(CCCCCCCC)C(=O)C(C#N)=C1C.c1ccsc1.CCCCCCCCN1C(=O)c2ccc3c4c(ccc(c24)C1=O)C(=O)N(CCCCCCCC)C3=O.c1ccsc1.C=C1C(=O)N(CCCCCCCC)C(=O)C(C#N)=C1C,4.080849996445912
CCCCC(CC)Cc1ccc(-c2c3cc(C)sc3c(-c3ccc(CC(CC)CCCC)s3)c3ccsc23)s1.c1ccsc1.CCCCC(CC)Cc1sc(CC(CC)CCCC)c2c1C(=O)c1cscc1C2=O.Cc1cccs1.C=C1C(=O)c2ccccc2C1=C(C#N)C#N.CCCCCCc1ccc(CCCCCC)cc1.c1ccsc1.CCCCCCc1ccc(-c2(-c3ccc(CCCCCC)cc3)cccc2)cc1.c1ccccc1.CCCCCCc1ccc(-c2(-c3ccc(CCCCCC)cc3)cccc2)cc1.c1ccsc1.CCCCCCc1ccc(CCCCCC)cc1.C=C1C(=O)c2ccccc2C1=C(C#N)C#N,7.4104959498063
CCCCCCc1ccsc1C.CCCCCCc1ccsc1.CCCCCCc1ccsc1.CCCCCCc1csc(C)c1.C=C1SC(=S)N(CC)C1=O.CCCCCCCCOC(=O)c1cc2cscc2s1.c1ccsc1.CCCCCCc1ccc(-c2(-c3ccc(CCCCCC)cc3)cccc2)cc1.c1ccccc1.CCCCCCc1ccc(-c2(-c3ccc(CCCCCC)cc3)cccc2)cc1.c1ccsc1.CCCCCCCCOC(=O)c1cc2cscc2s1.C=C1SC(=S)N(CC)C1=O,7.826225762179054
CCCCC(CC)Cc1ccc(-c2c3cc(C)sc3c(-c3ccc(CC(CC)CCCC)s3)c3ccsc23)s1.CCCCCCCCN1C(=O)c2csc(C)c2C1=O.C=C1C(=O)c2cc(I)ccc2C1=C(C#N)C#N.c1cc2sccc2s1.CCCCCCc1ccc(-c2(-c3ccc(CCCCCC)cc3)cccc2)cc1.c1ccccc1.CCCCCCc1ccc(-c2(-c3ccc(CCCCCC)cc3)cccc2)cc1.c1cc2sccc2s1.C=C1C(=O)c2cc(I)ccc2C1=C(C#N)C#N,8.924027757103767
CCCCC(CC)Cc1ccc(-c2c3cc(C)sc3c(-c3ccc(CC(CC)CCCC)s3)c3ccsc23)s1.c1ccsc1.CCCCC(CC)Cc1sc(CC(CC)CCCC)c2c1C(=O)c1cscc1C2=O.Cc1cccs1.C=C1C(=O)c2ccccc2C1=C(C#N)C#N.c1ccsc1.CCCCCCc1ccc(-c2(-c3ccc(CCCCCC)cc3)cccc2)cc1.c1cc[sH]c1.c1ccccc1.c1cc[sH]c1.CCCCCCc1ccc(-c2(-c3ccc(CCCCCC)cc3)cccc2)cc1.c1ccsc1.C=C1C(=O)c2ccccc2C1=C(C#N)C#N,Invalid SMILES
CCC[Si](CCC)(CCC)c1ccc(-c2c3cc(C)sc3c(-c3ccc([Si](CCC)(CCC)CCC)s3)c3ccsc23)s1.c1ccsc1.CCCCCCCCC(CCCCCC)Cn1nc2cc(F)c(F)cc2n1.Cc1cccs1.C=C1C(=O)c2cc(F)c(F)cc2C1=C(C#N)C#N.c1ccc2sccc2-1.c1ccccc1.CCCCCCC(CCCC)CSc1(SCC(CCCC)CCCCCC)ccc2=c-1ccc-2(SCC(CCCC)CCCCCC)SCC(CCCC)CCCCCC.c1ccccc1.c1ccc2sccc2-1.C=C1C(=O)c2cc(F)c(F)cc2C1=C(C#N)C#N,Invalid SMILES
CCCCC(CC)Cc1ccc(-c2c3cc(C)sc3c(-c3ccc(CC(CC)CCCC)s3)c3ccsc23)s1.c1ccsc1.CCCCC(CC)Cc1sc(CC(CC)CCCC)c2c1C(=O)c1cscc1C2=O.Cc1cccs1.C=C1C(=O)c2ccccc2C1=C(C#N)C#N.c1ccsc1.CCCCCCCCc1ccc(-c2(-c3ccc(CCCCCCCC)cc3)cccc2)cc1.c1ccccc1.CCCCCCCCCC(CCCCCCC)[nH2]1cccc1.c1ccccc1.CCCCCCCCc1ccc(-c2(-c3ccc(CCCCCCCC)cc3)cccc2)cc1.c1ccsc1.C=C1C(=O)c2ccccc2C1=C(C#N)C#N,Invalid SMILES
CCCCCCC(CCCC)CSc1c2cc(C)sc2c(SCC(CCCC)CCCCCC)c2ccsc12.c1ccsc1.CCCCCCC(CCCC)CSn1nc2cc(F)c(F)cc2n1.Cc1cccs1.C=C1C(=O)c2ccccc2C1=C(C#N)C#N.c1cc2sc3ccsc3c2s1.CCCCCCc1ccc(-c2(-c3ccc(CCCCCC)cc3)cccc2)cc1.c1ccccc1.CCCCCCc1ccc(-c2(-c3ccc(CCCCCC)cc3)cccc2)cc1.c1cc2sc3ccsc3c2s1.C=C1C(=O)c2ccccc2C1=C(C#N)C#N,8.775288632086978
CCCCCCC(CCCC)CSc1c2cc(C)sc2c(SCC(CCCC)CCCCCC)c2ccsc12.c1ccsc1.CCCCCCC(CCCC)CSn1nc2cc(F)c(F)cc2n1.Cc1cccs1.C=C1C(=O)c2ccc(F)cc2C1=C(C#N)C#N.c1cc2sc3ccsc3c2s1.CCCCCCc1ccc(-c2(-c3ccc(CCCCCC)cc3)cccc2)cc1.c1ccccc1.CCCCCCc1ccc(-c2(-c3ccc(CCCCCC)cc3)cccc2)cc1.c1cc2sc3ccsc3c2s1.C=C1C(=O)c2ccc(F)cc2C1=C(C#N)C#N,10.321878634188936
CCCCC(CC)Cc1ccc(-c2c3cc(C)sc3c(-c3ccc(CC(CC)CCCC)s3)c3ccsc23)s1.c1ccsc1.CCCCC(CC)Cc1sc(CC(CC)CCCC)c2c1C(=O)c1cscc1C2=O.Cc1cccs1.C=C1C(=O)c2cc(Cl)c(Cl)cc2C1=C(C#N)C#N.c1cc2sccc2s1.CCCCCCc1ccc(-c2(-c3ccc(CCCCCC)cc3)cccc2)cc1.c1cc2sccc2s1.CCCCCCc1ccc(-c2(-c3ccc(CCCCCC)cc3)cccc2)cc1.c1cc2sccc2s1.C=C1C(=O)c2cc(Cl)c(Cl)cc2C1=C(C#N)C#N,11.597446061146007
CCCCC(CC)Cc1ccc(-c2c3cc(C)sc3c(-c3ccc(CC(CC)CCCC)s3)c3ccsc23)s1.c1ccsc1.CCCCC(CC)Cc1sc(CC(CC)CCCC)c2c1C(=O)c1cscc1C2=O.Cc1cccs1.C=C1C(=O)c2ccc(OC)cc2C1=C(C#N)C#N.c1cc2sccc2s1.CCCCCCc1ccc(-c2(-c3ccc(CCCCCC)cc3)cccc2)cc1.c1ccccc1.CCCCCCc1ccc(-c2(-c3ccc(CCCCCC)cc3)cccc2)cc1.c1cc2sccc2s1.C=C1C(=O)c2ccc(OC)cc2C1=C(C#N)C#N,9.537197318296677
CCCCC(CC)Cc1ccc(-c2c3cc(C)sc3c(-c3ccc(CC(CC)CCCC)s3)c3ccsc23)s1.c1ccsc1.CCCCC(CC)Cc1sc(CC(CC)CCCC)c2c1C(=O)c1cscc1C2=O.Cc1cccs1.C=C1C(=O)c2cc(OC)ccc2C1=C(C#N)C#N.c1cc2sccc2s1.CCCCCCc1ccc(-c2(-c3ccc(CCCCCC)cc3)cccc2)cc1.c1ccccc1.CCCCCCc1ccc(-c2(-c3ccc(CCCCCC)cc3)cccc2)cc1.c1cc2sccc2s1.C=C1C(=O)c2cc(OC)ccc2C1=C(C#N)C#N,9.522185032797402
CCCCC(CC)Cc1ccc(-c2c3cc(C)sc3c(-c3ccc(CC(CC)CCCC)s3)c3ccsc23)s1.CCCCC(CC)CC(=O)c1cc2c(C)scc2s1.C=C(C#N)C#N.c1ccc2nsnc2c1.c1cc2sccc2s1.CCCCCCc1ccc(-c2(-c3ccc(CCCCCC)cc3)cccc2)cc1.c1ccccc1.CCCCCCc1ccc(-c2(-c3ccc(CCCCCC)cc3)cccc2)cc1.c1cc2sccc2s1.c1ccc2nsnc2c1.C=C(C#N)C#N,6.680764104072942
CCCCC(CC)Cc1ccc(-c2c3cc(C)sc3c(-c3ccc(CC(CC)CCCC)s3)c3ccsc23)s1.CCCCC(CC)COC(=O)c1sc2csc(C)c2c1F.C=C1C(=O)c2ccccc2C1=C(C#N)C#N.c1ccsc1.CCCCCCc1ccc(-c2(-c3ccc(CCCCCC)cc3)cccc2)cc1.c1ccccc1.CCCCCCc1ccc(-c2(-c3ccc(CCCCCC)cc3)cccc2)cc1.c1ccsc1.C=C1C(=O)c2ccccc2C1=C(C#N)C#N,6.410498060000188
CCCCC(CC)Cc1ccc(-c2c3cc(C)sc3c(-c3ccc(CC(CC)CCCC)s3)c3ccsc23)s1.c1ccsc1.CCCCC(CC)Cc1sc(CC(CC)CCCC)c2c1C(=O)c1cscc1C2=O.Cc1cccs1.C=C1C(=O)c2cc3ccccc3cc2C1=C(C#N)C#N.c1ccsc1.CCCCCCc1ccc(-c2(-c3ccc(CCCCCC)cc3)cccc2)cc1.c1ccccc1.CCCCCCc1ccc(-c2(-c3ccc(CCCCCC)cc3)cccc2)cc1.c1ccsc1.C=C1C(=O)c2cc3ccccc3cc2C1=C(C#N)C#N,6.733115520556647
CCCCC(CC)Cc1sc(-c2c3cc(C)sc3c(-c3cc(F)c(CC(CC)CCCC)s3)c3ccsc23)cc1F.c1ccsc1.CCCCC(CC)Cc1sc(CC(CC)CCCC)c2c1C(=O)c1cscc1C2=O.Cc1cccs1.C=C1C(=O)c2ccc(C)cc2C1=C(C#N)C#N.c1ccsc1.CCCCCCc1ccc(-c2(-c3ccc(CCCCCC)cc3)cccc2)cc1.c1ccccc1.CCCCCCc1ccc(-c2(-c3ccc(CCCCCC)cc3)cccc2)cc1.c1ccsc1.C=C1C(=O)c2ccc(C)cc2C1=C(C#N)C#N,9.996315289579288
CCCCC(CC)Cc1ccc(-c2c3cc(C)sc3c(-c3ccc(CC(CC)CCCC)s3)c3ccsc23)s1.c1ccsc1.CCCCC(CC)Cc1sc(CC(CC)CCCC)c2c1C(=O)c1cscc1C2=O.Cc1cccs1.C=C1C(=O)c2ccccc2C1=C(C#N)C#N.c1ccsc1.CCCCCCCCc1(CCCCCCCC)cccc1.c1ccccc1.CCCCCCCCc1(CCCCCCCC)cccc1.c1ccccc1.CCCCCCCCc1(CCCCCCCC)cccc1.c1ccsc1.C=C1C(=O)c2ccccc2C1=C(C#N)C#N,9.052065177457019
CCCCC(CC)Cc1ccc(-c2c3cc(C)sc3c(-c3ccc(CC(CC)CCCC)s3)c3ccsc23)s1.CCCCC(CC)COC(=O)c1sc2csc(C)c2c1F.C=C1C(=O)c2cc(F)c(F)cc2C1=C(C#N)C#N.c1ccsc1.CCCCCCCCOc1ccc(-c2(-c3ccc(OCCCCCCCC)cc3)cccc2)cc1.c1ccccc1.CCCCCCCC[nH2]1cccc1.c1ccccc1.CCCCCCCCOc1ccc(-c2(-c3ccc(OCCCCCCCC)cc3)cccc2)cc1.c1ccsc1.C=C1C(=O)c2cc(F)c(F)cc2C1=C(C#N)C#N,Invalid SMILES
CCCCCCCCCCCCSOc1c2cc(C)sc2c(OSCCCCCCCCCCCC)c2ccsc12.c1ccsc1.c1ccc2nsnc2c1.Cc1cccs1.C=C1C(=O)c2ccccc2C1=C(C#N)C#N.CCCCCCc1ccsc1.CCCCCCc1ccsc1.c1ccsc1.CCCCCCCCCCCCCCCCC[nH2]1cccc1.c1ccsc1.CCCCCCc1ccsc1.CCCCCCc1ccsc1.C=C1C(=O)c2ccccc2C1=C(C#N)C#N,Invalid SMILES
CCCCC(CC)Cc1ccc(-c2c3cc(C)sc3c(-c3ccc(CC(CC)CCCC)s3)c3ccsc23)s1.CCCCC(CC)COC(=O)c1sc2csc(C)c2c1F.C=C1SC(=S)N(CC)C1=O.c1ccc2nsnc2c1.c1ccsc1.CCCCCCc1(CCCCCC)cccc1.c1ccccc1.CCCCCCc1(CCCCCC)cccc1.c1ccsc1.c1ccc2nsnc2c1.C=C1SC(=S)N(CC)C1=O,7.443635811134727
CCCCC(CC)Cc1ccc(-c2c3cc(C)sc3c(-c3ccc(CC(CC)CCCC)s3)c3ccsc23)s1.CCCCC(CC)COC(=O)c1sc2csc(C)c2c1F.C=C1C(=O)c2cc(F)ccc2C1=C(C#N)C#N.CCCCC(CC)COC(=O)c1sc2cscc2c1F.c1ccsc1.CCCCCCc1ccc(-c2(-c3ccc(CCCCCC)cc3)cccc2)cc1.c1ccccc1.CCCCCCc1ccc(-c2(-c3ccc(CCCCCC)cc3)cccc2)cc1.c1ccsc1.CCCCC(CC)COC(=O)c1sc2cscc2c1F.C=C1C(=O)c2cc(F)ccc2C1=C(C#N)C#N,8.928635221351511
CCCCC(CC)Cc1ccc(-c2c3cc(C)sc3c(-c3ccc(CC(CC)CCCC)s3)c3ccsc23)s1.CCCCC(CC)COC(=O)c1sc2csc(C)c2c1F.C=C1C(=O)c2cc(F)c(F)cc2C1=C(C#N)C#N.CCCCC(CC)COC(=O)c1sc2cscc2c1F.c1ccsc1.CCCCCCc1ccc(-c2(-c3ccc(CCCCCC)cc3)cccc2)cc1.c1ccccc1.CCCCCCc1ccc(-c2(-c3ccc(CCCCCC)cc3)cccc2)cc1.c1ccsc1.CCCCC(CC)COC(=O)c1sc2cscc2c1F.C=C1C(=O)c2cc(F)c(F)cc2C1=C(C#N)C#N,9.812393351875077
CCCCCCCCc1ccc(-c2c3sc4cc(C)sc4c3c(-c3ccc(CCCCCCCC)s3)c3sc4ccsc4c23)s1.c1ccsc1.CCCCC(CC)Cc1sc(CC(CC)CCCC)c2c1C(=O)c1cscc1C2=O.Cc1cccs1.C=C1C(=O)c2ccccc2C1=C(C#N)C#N.c1ccsc1.CCCCCCc1(CCCCCC)cccc1.c1ccccc1.CCCCCCc1(CCCCCC)cccc1.c1ccsc1.C=C1C(=O)c2ccccc2C1=C(C#N)C#N,9.658615333317627
CCCCC(CC)Cc1sc(-c2c3cc(C)sc3c(-c3cc(OC)c(CC(CC)CCCC)s3)c3ccsc23)cc1OC.CCCCCCc1csc2ccsc12.CCCCCCCCC(CCCCCC)CN1C(=O)c2cscc2C1=O.CCCCCCc1c(C)sc2ccsc12.C=C1C(=O)c2ccccc2C1=C(C#N)C#N.c1cc2sccc2s1.CCCCCCc1ccc(-c2(-c3ccc(CCCCCC)cc3)cccc2)cc1.c1ccccc1.CCCCCCc1ccc(-c2(-c3ccc(CCCCCC)cc3)cccc2)cc1.c1cc2sccc2s1.C=C1C(=O)c2ccccc2C1=C(C#N)C#N,7.489412681362657
CCCCCCC(CC)c1ccc(-c2c3cc(C)sc3c(-c3ccc(C(CC)CCCCCC)s3)c3ccsc23)s1.CCCCCCc1csc2ccsc12.CCCCCCCCCCC(CCCCCC)N1C(=O)c2cscc2C1=O.CCCCCCc1c(C)sc2ccsc12.C=C1C(=O)c2ccccc2C1=C(C#N)C#N.c1ccsc1.CCCCCCc1(CCCCCC)cccc1.c1ccccc1.CCCCCCc1(CCCCCC)cccc1.c1ccsc1.C=C1C(=O)c2ccccc2C1=C(C#N)C#N,9.624883700253521
CCCCCCc1ccsc1C.CCCCCCc1ccsc1.CCCCCCc1ccsc1.CCCCCCc1csc(C)c1.C=C1SC(=O)N(CC)C1=O.CCCCCCCCn1nc2ccccc2n1.c1ccsc1.CCCCCCc1ccc(-c2(-c3ccc(CCCCCC)cc3)cccc2)cc1.c1ccccc1.CCCCCCc1ccc(-c2(-c3ccc(CCCCCC)cc3)cccc2)cc1.c1ccsc1.CCCCCCCCn1nc2ccccc2n1.C=C1SC(=O)N(CC)C1=O,3.311225411045668
CCCCCCCCCCCCC(CCCCCCCCCC)Cc1ccsc1C.CCCn1nc2cc(F)c(F)cc2n1.CCCCCCCCCCCCC(CCCCCCCCCC)Cc1ccsc1.Fc1ccsc1.Cc1cc(F)cs1.C=C1C(=O)c2ccccc2C1=C(C#N)C#N.CCCCC(CC)Cc1ccsc1.c1ccsc1.CCCCCCc1ccc(-c2(-c3ccc(CCCCCC)cc3)cccc2)cc1.c1ccccc1.CCCCCCc1ccc(-c2(-c3ccc(CCCCCC)cc3)cccc2)cc1.c1ccsc1.CCCCC(CC)Cc1ccsc1.C=C1C(=O)c2ccccc2C1=C(C#N)C#N,8.469274596971871
CCCCC(CC)Cc1ccc(-c2c3cc(C)sc3c(-c3ccc(CC(CC)CCCC)s3)c3ccsc23)s1.CCCCC(CC)COC(=O)c1sc2csc(C)c2c1F.C=C1C(=O)c2ccccc2C1=C(C#N)C#N.CCCCCCc1ccsc1.c1ccsc1.CCCCCCc1ccc(-c2(-c3ccc(CCCCCC)cc3)cccc2)cc1.c1ccccc1.CCCCCCc1ccc(-c2(-c3ccc(CCCCCC)cc3)cccc2)cc1.c1ccsc1.CCCCCCc1ccsc1.C=C1C(=O)c2ccccc2C1=C(C#N)C#N,6.719894285448182
CCCCC(CC)Cc1ccc(-c2c3cc(C)sc3c(-c3ccc(CC(CC)CCCC)s3)c3ccsc23)s1.c1ccsc1.CCCCC(CC)Cc1sc(CC(CC)CCCC)c2c1C(=O)c1cscc1C2=O.Cc1cccs1.C=C1C(=O)c2cc(C)c(C)cc2C1=C(C#N)C#N.c1cc2sccc2s1.CCCCCCc1ccc(-c2(-c3ccc(CCCCCC)cc3)cccc2)cc1.c1ccccc1.CCCCCCc1ccc(-c2(-c3ccc(CCCCCC)cc3)cccc2)cc1.c1cc2sccc2s1.C=C1C(=O)c2cc(C)c(C)cc2C1=C(C#N)C#N,10.272405376055195
CCCCCCCCc1ccc(-c2c3sc4cc(C)sc4c3c(-c3ccc(CCCCCCCC)s3)c3sc4ccsc4c23)s1.c1ccsc1.CCCCC(CC)Cc1sc(CC(CC)CCCC)c2c1C(=O)c1cscc1C2=O.Cc1cccs1.C=C1C(=O)c2ccccc2C1=C(C#N)C#N.c1cc2sccc2s1.CCCCCCc1ccc(-c2(-c3ccc(CCCCCC)s3)cccc2)s1.c1ccccc1.CCCCCCc1ccc(-c2(-c3ccc(CCCCCC)s3)cccc2)s1.c1cc2sccc2s1.C=C1C(=O)c2ccccc2C1=C(C#N)C#N,9.64841829010671
CCCCC(CC)Cc1c(F)cc(-c2c3cc(C)sc3c(-c3cc(F)c(CC(CC)CCCC)c(F)c3)c3ccsc23)cc1F.c1ccsc1.CCCCCCCCN1C(=O)c2cc3nn(CCC(CC)CCCC)nc3cc2C1=O.Cc1cccs1.C=C1C(=O)c2ccccc2C1=C(C#N)C#N.c1cc2sccc2s1.CCCCCCc1ccc(-c2(-c3ccc(CCCCCC)cc3)cccc2)cc1.c1ccccc1.CCCCCCc1ccc(-c2(-c3ccc(CCCCCC)cc3)cccc2)cc1.c1cc2sccc2s1.C=C1C(=O)c2ccccc2C1=C(C#N)C#N,8.005299975022574
CCCCC(CC)Cc1ccc(-c2c3cc(C)sc3c(-c3ccc(CC(CC)CCCC)s3)c3ccsc23)s1.c1ccsc1.CCCCC(CC)Cc1sc(CC(CC)CCCC)c2c1C(=O)c1cscc1C2=O.Cc1cccs1.C=C1C(=O)c2ccccc2C1=C(C#N)C#N.c1cc2sccc2s1.CCCCCCc1ccc(-c2(-c3ccc(CCCCCC)cc3)cccc2)cc1.c1ccccc1.CCCCCCc1ccc(-c2(-c3ccc(CCCCCC)cc3)cccc2)cc1.c1cc2sccc2s1.C=C1C(=O)c2ccccc2C1=C(C#N)C#N,8.4545547063841
CCCCCCC(CCCC)CSc1c2cc(C)sc2c(SCC(CCCC)CCCCCC)c2ccsc12.c1ccsc1.CCCCCCC(CCCC)CSn1nc2cc(F)c(F)cc2n1.Cc1cccs1.C=C1C(=O)c2ccccc2C1=C(C#N)C#N.c1ccsc1.CCCCCCc1ccc(-c2(-c3ccc(CCCCCC)cc3)cccc2)cc1.c1cc[sH]c1.c1ccccc1.c1cc[sH]c1.CCCCCCc1ccc(-c2(-c3ccc(CCCCCC)cc3)cccc2)cc1.c1ccsc1.C=C1C(=O)c2ccccc2C1=C(C#N)C#N,Invalid SMILES
CCCCCCC(CCCC)CSc1c2cc(C)sc2c(SCC(CCCC)CCCCCC)c2ccsc12.c1ccsc1.CCCCCCC(CCCC)CSn1nc2cc(F)c(F)cc2n1.Cc1cccs1.C=C1C(=O)c2ccccc2C1=C(C#N)C#N.c1ccsc1.CCCCCCc1ccc(-c2(-c3ccc(CCCCCC)cc3)cccc2)cc1.c1cc[sH]c1.CCCCC(CC)Cc1ccc(-c2ccc(-c3ccc(CCCCC(C)CC)s3)cc2)s1.c1cc[sH]c1.CCCCCCc1ccc(-c2(-c3ccc(CCCCCC)cc3)cccc2)cc1.c1ccsc1.C=C1C(=O)c2ccccc2C1=C(C#N)C#N,Invalid SMILES
CCCCC(CC)Cc1ccc(-c2c3cc(C)sc3c(-c3ccc(CC(CC)CCCC)s3)c3ccsc23)s1.c1ccsc1.CCCCC(CC)Cc1sc(CC(CC)CCCC)c2c1C(=O)c1cscc1C2=O.Cc1cccs1.C=C1C(=O)c2ccccc2C1=C(C#N)C#N.c1ccsc1.CCCCCCc1ccc(-c2(-c3ccc(CCCCCC)cc3)cccc2)cc1.c1ccc2ccccc2c1.CCCCCCc1ccc(-c2(-c3ccc(CCCCCC)cc3)cccc2)cc1.c1ccsc1.C=C1C(=O)c2ccccc2C1=C(C#N)C#N,7.0214928531630765
CCCCC(CC)Cc1ccc(-c2c3cc(C)sc3c(-c3ccc(CC(CC)CCCC)s3)c3ccsc23)s1.c1ccsc1.CCCCC(CC)Cc1sc(CC(CC)CCCC)c2c1C(=O)c1cscc1C2=O.Cc1cccs1.C=C1C(=O)c2ccc(OC)cc2C1=C(C#N)C#N.c1ccsc1.CCCCCCc1ccc(-c2(-c3ccc(CCCCCC)cc3)cccc2)cc1.c1ccc2ccccc2c1.CCCCCCc1ccc(-c2(-c3ccc(CCCCCC)cc3)cccc2)cc1.c1ccsc1.C=C1C(=O)c2ccc(OC)cc2C1=C(C#N)C#N,8.144208290930141
CCCCC(CC)Cc1ccc(-c2c3cc(C)sc3c(-c3ccc(CC(CC)CCCC)s3)c3ccsc23)s1.c1ccsc1.CCCCC(CC)Cc1sc(CC(CC)CCCC)c2c1C(=O)c1cscc1C2=O.Cc1cccs1.C=C1C(=O)c2cc(F)ccc2C1=C(C#N)C#N.c1ccsc1.CCCCCCc1ccc(-c2(-c3ccc(CCCCCC)cc3)cccc2)cc1.c1ccc2ccccc2c1.CCCCCCc1ccc(-c2(-c3ccc(CCCCCC)cc3)cccc2)cc1.c1ccsc1.C=C1C(=O)c2cc(F)ccc2C1=C(C#N)C#N,9.074494945766988
CCC[Si](CCC)(CCC)c1ccc(-c2c3cc(C)sc3c(-c3ccc([Si](CCC)(CCC)CCC)s3)c3ccsc23)s1.c1ccsc1.CCCCCCCCC(CCCCCC)Cn1nc2cc(F)c(F)cc2n1.Cc1cccs1.C=C1C(=O)c2ccccc2C1=C(C#N)C#N.c1ccsc1.CCCCCCc1ccc(-c2(-c3ccc(CCCCCC)cc3)cccc2)cc1.c1cc[sH]c1.c1ccccc1.c1cc[sH]c1.CCCCCCc1ccc(-c2(-c3ccc(CCCCCC)cc3)cccc2)cc1.c1ccsc1.C=C1C(=O)c2ccccc2C1=C(C#N)C#N,Invalid SMILES
CCCCC(CC)Cc1sc(-c2c3cc(C)sc3c(-c3cc(F)c(CC(CC)CCCC)s3)c3ccsc23)cc1F.c1ccsc1.CCCCC(CC)Cc1sc(CC(CC)CCCC)c2c1C(=O)c1cscc1C2=O.Cc1cccs1.C=C1C(=O)c2cc(F)c(F)cc2C1=C(C#N)C#N.c1cc2sccc2s1.CCCCCCc1ccc(-c2(-c3ccc(CCCCCC)cc3)cccc2)cc1.c1ccccc1.CCCCCCc1ccc(-c2(-c3ccc(CCCCCC)cc3)cccc2)cc1.c1cc2sccc2s1.C=C1C(=O)c2cc(F)c(F)cc2C1=C(C#N)C#N,11.335825718394599
CCCCCCCCCCCCSOc1c2cc(C)sc2c(OSCCCCCCCCCCCC)c2ccsc12.c1ccsc1.c1ccc2nsnc2c1.Cc1cccs1.C=C1C(=O)c2cc(F)c(F)cc2C1=C(C#N)C#N.c1cc2sccc2s1.CCCCCCc1ccc(-c2(-c3ccc(CCCCCC)cc3)cccc2)cc1.c1ccccc1.CCCCCCc1ccc(-c2(-c3ccc(CCCCCC)cc3)cccc2)cc1.c1cc2sccc2s1.C=C1C(=O)c2cc(F)c(F)cc2C1=C(C#N)C#N,8.72561228886217
CCCCC(CC)CSc1sc(-c2c3cc(C)sc3c(-c3cc(F)c(SCC(CC)CCCC)s3)c3ccsc23)cc1F.CC(C)CCCC(C)CCOC(=O)c1ccsc1.c1ccsc1.Cc1cc(C(=O)OCCC(C)CCCC(C)C)cs1.C=C1C(=O)c2cc(F)c(F)cc2C1=C(C#N)C#N.c1cc2sccc2s1.CCCCCCc1ccc(-c2(-c3ccc(CCCCCC)cc3)cccc2)cc1.c1ccccc1.CCCCCCc1ccc(-c2(-c3ccc(CCCCCC)cc3)cccc2)cc1.c1cc2sccc2s1.C=C1C(=O)c2cc(F)c(F)cc2C1=C(C#N)C#N,11.05158223020641
CCCCC(CC)Cc1sc(-c2c3cc(C)sc3c(-c3cc(F)c(CC(CC)CCCC)s3)c3ccsc23)cc1F.c1ccsc1.CCCCC(CC)Cc1sc(CC(CC)CCCC)c2c1C(=O)c1cscc1C2=O.Cc1cccs1.C=C1C(=O)c2cc(F)c(F)cc2C1=C(C#N)C#N.CCCCCCCCCCCc1csc2ccsc12.CCCCC(CC)C[nH]1ccc2c3nsnc3c3cc[nH](CC(CC)CCCC)c3c21.CCCCCCCCCCCc1csc2ccsc12.C=C1C(=O)c2cc(F)c(F)cc2C1=C(C#N)C#N,Invalid SMILES
CCC[Si](CCC)(CCC)c1ccc(-c2c3cc(C)sc3c(-c3ccc([Si](CCC)(CCC)CCC)s3)c3ccsc23)s1.c1ccsc1.CCCCCCCCC(CCCCCC)Cn1nc2cc(F)c(F)cc2n1.Cc1cccs1.C=C1C(=O)c2c(csc2C)C1=C(C#N)C#N.c1cc2sccc2s1.CCCCCCc1ccc(-c2(-c3ccc(CCCCCC)cc3)cccc2)cc1.c1ccccc1.CCCCCCc1ccc(-c2(-c3ccc(CCCCCC)cc3)cccc2)cc1.c1cc2sccc2s1.C=C1C(=O)c2c(csc2C)C1=C(C#N)C#N,10.915250941719709
CCCCC(CC)Cc1ccc(-c2c3cc(C)sc3c(-c3ccc(CC(CC)CCCC)s3)c3ccsc23)s1.c1ccsc1.CCCCC(CC)Cc1sc(CC(CC)CCCC)c2c1C(=O)c1cscc1C2=O.Cc1cccs1.C=C1C(=O)c2ccccc2C1=C(C#N)C#N.CCCCCCCCOC(=O)c1cc2cscc2s1.c1ccsc1.CCCCCCOc1cccc(-c2(-c3cccc(OCCCCCC)c3)cccc2)c1.c1ccccc1.CCCCCCOc1cccc(-c2(-c3cccc(OCCCCCC)c3)cccc2)c1.c1ccsc1.CCCCCCCCOC(=O)c1cc2cscc2s1.C=C1C(=O)c2ccccc2C1=C(C#N)C#N,7.941413380577482
CCC[Si](CCC)(CCC)c1ccc(-c2c3cc(C)sc3c(-c3ccc([Si](CCC)(CCC)CCC)s3)c3ccsc23)s1.c1ccsc1.CCCCCCCCC(CCCCCC)Cn1nc2cc(F)c(F)cc2n1.Cc1cccs1.C=Cc1ccc(C#N)cc1.CCCCCCCCn1nc2ccccc2n1.c1ccsc1.CCCCCCc1ccc(-c2(-c3ccc(CCCCCC)cc3)cccc2)cc1.c1ccccc1.CCCCCCc1ccc(-c2(-c3ccc(CCCCCC)cc3)cccc2)cc1.c1ccsc1.CCCCCCCCn1nc2ccccc2n1.C=Cc1ccc(C#N)cc1,8.86750913945261
CCC[Si](CCC)(CCC)c1ccc(-c2c3cc(C)sc3c(-c3ccc([Si](CCC)(CCC)CCC)s3)c3ccsc23)s1.c1ccsc1.CCCCCCCCC(CCCCCC)Cn1nc2cc(F)c(F)cc2n1.Cc1cccs1.C=CC1C(C#N)C(=C(C#N)C#N)OC1(C)C.CCCCCCCCn1nc2ccccc2n1.c1ccsc1.CCCCCCc1ccc(-c2(-c3ccc(CCCCCC)cc3)cccc2)cc1.c1ccccc1.CCCCCCc1ccc(-c2(-c3ccc(CCCCCC)cc3)cccc2)cc1.c1ccsc1.CCCCCCCCn1nc2ccccc2n1.C=CC1C(C#N)C(=C(C#N)C#N)OC1(C)C,8.457186030541054
CCCCCCCC[Si]1(CCCCCCCC)c2ccsc2-c2sc(C)cc21.CCCCCCn1nc2ccc(F)cc2n1.CCCCCCCC[Si]1(CCCCCCCC)c2ccsc2-c2sccc21.CCCCCCn1nc2ccc(F)c(C)c2n1.C=c1sc(=C(C#N)C#N)n(CC)c1=O.c1ccc2nsnc2c1.c1ccccc1.CCCCC(CC)C[nH2]1cccc1.c1ccccc1.CCCCC(CC)C[nH2]1cccc1.c1ccccc1.c1ccc2nsnc2c1.C=c1sc(=C(C#N)C#N)n(CC)c1=O,Invalid SMILES
CCCCC(CC)Cc1ccc(-c2c3cc(C)sc3c(-c3ccc(CC(CC)CCCC)s3)c3ccsc23)s1.c1ccsc1.CCCCC(CC)Cc1sc(CC(CC)CCCC)c2c1C(=O)c1cscc1C2=O.Cc1cccs1.C=C1C(=O)c2cc(F)c(F)cc2C1=C(C#N)C#N.c1ccsc1.CCCCC(CC)Cc1(CC(CC)CCCC)cccc1.c1ccsc1.Fc1cscc1F.c1ccsc1.CCCCC(CC)Cc1(CC(CC)CCCC)cccc1.c1ccsc1.C=C1C(=O)c2cc(F)c(F)cc2C1=C(C#N)C#N,10.559205141465775
CCC[Si](CCC)(CCC)c1ccc(-c2c3cc(C)sc3c(-c3ccc([Si](CCC)(CCC)CCC)s3)c3ccsc23)s1.C1CCSC1.CCCCC(CC)CC1SC(CC(CC)CCCC)C2C(=O)c3cscc3C(=O)C12.Cc1cccs1.C=C1C(=O)c2cc(F)c(F)cc2C1=C(C#N)C#N.c1cc2sccc2s1.CCCCCCc1ccc(-c2(-c3ccc(CCCCCC)cc3)cccc2)cc1.c1ccccc1.CCCCCCc1ccc(-c2(-c3ccc(CCCCCC)cc3)cccc2)cc1.c1cc2sccc2s1.C=C1C(=O)c2cc(F)c(F)cc2C1=C(C#N)C#N,11.585700804678547
CCCCC(CC)Cc1ccc(-c2c3ccsc3c(-c3ccc(CC(CC)CCCC)s3)c3cc(C)oc23)s1.c1ccsc1.CCCCC(CC)Cc1sc(CC(CC)CCCC)c2c1C(=O)c1cscc1C2=O.Cc1cccs1.C=C1C(=O)c2ccccc2C1=C(C#N)C#N.c1cc2sccc2s1.CCCCCCc1ccc(-c2(-c3ccc(CCCCCC)cc3)cccc2)cc1.c1ccccc1.CCCCCCc1ccc(-c2(-c3ccc(CCCCCC)cc3)cccc2)cc1.c1cc2sccc2s1.C=C1C(=O)c2ccccc2C1=C(C#N)C#N,8.384286080135498
CCCCCCCCCCCCSSc1ccc(-c2c3ccsc3c(-c3ccc(SSCCCCCCCCCCCC)s3)c3cc(C)oc23)s1.c1ccsc1.CCCCC(CC)Cc1sc(CC(CC)CCCC)c2c1C(=O)c1cscc1C2=O.Cc1cccs1.C=C1C(=O)c2ccccc2C1=C(C#N)C#N.c1cc2sccc2s1.CCCCCCc1ccc(-c2(-c3ccc(CCCCCC)cc3)cccc2)cc1.c1ccccc1.CCCCCCc1ccc(-c2(-c3ccc(CCCCCC)cc3)cccc2)cc1.c1cc2sccc2s1.C=C1C(=O)c2ccccc2C1=C(C#N)C#N,10.230174903384894
CCCCC(CC)Cc1sc(-c2c3cc(C)sc3c(-c3cc(F)c(CC(CC)CCCC)s3)c3ccsc23)cc1F.c1ccsc1.CCCCCCC(CCCC)CSOC(=O)c1csc2c(C(=O)OSCC(CCCC)CCCCCC)csc12.Cc1cccs1.C=C1C(=O)c2ccccc2C1=C(C#N)C#N.c1cc2sccc2s1.CCCCCCc1cccc(-c2(-c3cccc(CCCCCC)c3)cccc2)c1.c1ccccc1.CCCCCCc1cccc(-c2(-c3cccc(CCCCCC)c3)cccc2)c1.c1cc2sccc2s1.C=C1C(=O)c2ccccc2C1=C(C#N)C#N,9.201436838457491
CCCCCCc1ccsc1C.CCCCCCc1ccsc1.CCCCCCc1ccsc1.CCCCCCc1csc(C)c1.O=Cc1cccc2nc(-c3ccccc3)c(-c3ccccc3)nc12.c1ccsc1.CCCCCCc1(CCCCCC)cccc1.c1ccccc1.CCCCCCc1(CCCCCC)cccc1.c1ccsc1.O=Cc1cccc2nc(-c3ccccc3)c(-c3ccccc3)nc12,5.291798084698644
CCCCCCc1ccsc1C.CCCCCCc1ccsc1.CCCCCCc1ccsc1.CCCCCCc1csc(C)c1.C=c1sc(=C(C#N)C#N)n(CC)c1=O.CCCCCCn1nc2ccccc2n1.c1ccccc1.c1ccc2c(c1)-c1ccccc1-c-21cccc1.c1ccccc1.CCCCCCn1nc2ccccc2n1.C=c1sc(=C(C#N)C#N)n(CC)c1=O,1.8779746953613037
CCCCCCc1ccsc1C.CCCCCCc1ccsc1.CCCCCCc1ccsc1.CCCCCCc1csc(C)c1.CCCCCCn1nc2cccc(C=C(C#N)C#N)c2n1.c1ccccc1.c1ccc2c(c1)-c1ccccc1-c-21cccc1.c1ccccc1.CCCCCCn1nc2cccc(C=C(C#N)C#N)c2n1,1.98693504577024
CCCCC(CC)Cc1ccc(-c2c3cc(C)sc3c(-c3ccc(CC(CC)CCCC)s3)c3ccsc23)s1.c1ccsc1.CCCCC(CC)Cc1sc(CC(CC)CCCC)c2c1C(=O)c1cscc1C2=O.Cc1cccs1.Bc1ccc2c(c1)C(=O)C(=C)C2=C(C#N)C#N.c1ccsc1.CCCCCCCCc1(CCCCCCCC)cccc1.c1ccccc1.CCCCCCCCc1(CCCCCCCC)cccc1.c1ccccc1.CCCCCCCCc1(CCCCCCCC)cccc1.c1ccsc1.Bc1ccc2c(c1)C(=O)C(=C)C2=C(C#N)C#N,10.55144024236087
CCCCC(CC)Cc1ccc(-c2c3cc(C)sc3c(-c3ccc(CC(CC)CCCC)s3)c3ccsc23)s1.c1ccsc1.CCCCC(CC)Cc1sc(CC(CC)CCCC)c2c1C(=O)c1cscc1C2=O.Cc1cccs1.C=C1C(=O)c2ccccc2C1=C(C#N)C#N.c1cc2sccc2s1.CCCCCCCCC(CCCCCC)Cc1(CC(CCCCCC)CCCCCCCC)cccc1.c1ccccc1.CCCCCCCCC(CCCCCC)Cc1(CCCCCCCCC(C)CCCCCC)cccc1.c1cc2sccc2s1.C=C1C(=O)c2ccccc2C1=C(C#N)C#N,10.178823729284465
CCCCC(CC)Cc1ccc(-c2c3cc(C)sc3c(-c3ccc(CC(CC)CCCC)s3)c3ccsc23)s1.CCCCC(CC)COC(=O)c1sc2csc(C)c2c1F.C=C1C(=O)c2ccccc2C1=C(C#N)C#N.c1cc2sccc2s1.CCCCCCc1ccc(-c2(-c3ccc(CCCCCC)cc3)cccc2)cc1.c1ccccc1.CCCCCCc1ccc(-c2(-c3ccc(CCCCCC)cc3)cccc2)cc1.c1cc2sccc2s1.C=C1C(=O)c2ccccc2C1=C(C#N)C#N,7.874064907675869
CCCCC(CC)Cc1ccc(-c2c3cc(C)sc3c(-c3ccc(CC(CC)CCCC)s3)c3ccsc23)s1.c1ccsc1.CCCCC(CC)Cc1sc(CC(CC)CCCC)c2c1C(=O)c1cscc1C2=O.Cc1cccs1.C=c1sc(=C(C#N)C#N)n(CCCC)c1=O.c1ccc2nsnc2c1.c1cc2sccc2s1.CCCCCCc1ccc(-c2(-c3ccc(CCCCCC)cc3)cccc2)cc1.c1ccccc1.CCCCCCc1ccc(-c2(-c3ccc(CCCCCC)cc3)cccc2)cc1.c1cc2sccc2s1.c1ccc2nsnc2c1.C=c1sc(=C(C#N)C#N)n(CCCC)c1=O,7.557461369941873
CCCCC(CC)Cc1ccc(-c2c3cc(C)sc3c(-c3ccc(CC(CC)CCCC)s3)c3ccsc23)s1.c1ccsc1.CCCCC(CC)Cc1sc(CC(CC)CCCC)c2c1C(=O)c1cscc1C2=O.Cc1cccs1.C=C1C(=O)c2ccccc2C1=C(C#N)C#N.CCCCCCCCc1ccsc1.c1ccccc1.CCCCCCCCc1(CCCCCCCC)cccc1.c1ccccc1.CCCCCCCCc1(CCCCCCCC)cccc1.c1ccccc1.CCCCCCCCc1ccsc1.C=C1C(=O)c2ccccc2C1=C(C#N)C#N,7.46298475008745
CCCCC(CC)Cc1ccc(-c2c3cc(C)sc3c(-c3ccc(CC(CC)CCCC)s3)c3ccsc23)s1.c1ccsc1.CCCCC(CC)Cc1sc(CC(CC)CCCC)c2c1C(=O)c1cscc1C2=O.Cc1cccs1.C=C1C(=O)c2cc(F)c(F)cc2C1=C(C#N)C#N.CCCCCCCCc1ccsc1.c1ccccc1.CCCCCCCCc1(CCCCCCCC)cccc1.c1ccccc1.CCCCCCCCc1(CCCCCCCC)cccc1.c1ccccc1.CCCCCCCCc1ccsc1.C=C1C(=O)c2cc(F)c(F)cc2C1=C(C#N)C#N,10.308545320403118
CCCCC(CC)Cc1ccc(-c2c3cc(C)sc3c(-c3ccc(CC(CC)CCCC)s3)c3ccsc23)s1.CCCCC(CC)COC(=O)c1sc2csc(C)c2c1F.C=C1C(=O)c2cc(F)c(F)cc2C1=C(C#N)C#N.c1ccsc1.CCCCCCc1ccc(-c2(-c3ccc(CCCCCC)cc3)cccc2)cc1.c1cc[sH]c1.CCCCC(CC)COc1ccc(OCC(CC)CCCC)cc1.c1cc[sH]c1.CCCCCCc1ccc(-c2(-c3ccc(CCCCCC)cc3)cccc2)cc1.c1ccsc1.C=C1C(=O)c2cc(F)c(F)cc2C1=C(C#N)C#N,Invalid SMILES
CCCCC(CC)Cc1ccc(-c2c3cc(C)sc3c(-c3ccc(CC(CC)CCCC)s3)c3ccsc23)s1.c1ccsc1.CCCCC(CC)Cc1sc(CC(CC)CCCC)c2c1C(=O)c1cscc1C2=O.Cc1cccs1.C=C1C(=O)c2ccccc2C1=C(C#N)C#N.c1ccsc1.CCCCCCc1ccc(-c2(-c3ccc(CCCCCC)cc3)cccc2)cc1.c1cc2sccc2s1.CCCCCCc1ccc(-c2(-c3ccc(CCCCCC)cc3)cccc2)cc1.c1ccsc1.C=C1C(=O)c2ccccc2C1=C(C#N)C#N,8.942139413711915
CCCCC(CC)Cc1ccc(-c2c3cc(C)sc3c(-c3ccc(CC(CC)CCCC)s3)c3ccsc23)s1.c1ccsc1.CCCCC(CC)Cc1sc(CC(CC)CCCC)c2c1C(=O)c1cscc1C2=O.Cc1cccs1.C=C1C(=O)c2ccc(C)cc2C1=C(C#N)C#N.c1ccsc1.CCCCCCc1ccc(-c2(-c3ccc(CCCCCC)cc3)cccc2)cc1.c1cc2sccc2s1.CCCCCCc1ccc(-c2(-c3ccc(CCCCCC)cc3)cccc2)cc1.c1ccsc1.C=C1C(=O)c2ccc(C)cc2C1=C(C#N)C#N,10.643122072733705
CCCCC(CC)Cc1sc(-c2c3ccsc3c(-c3cc(Cl)c(CCCCC(C)CC)s3)c3cc(C)sc23)cc1Cl.c1ccsc1.CCCCCCCCC(CCCCCC)Cn1nc2cc(F)c(F)cc2n1.Cc1cccs1.C=C1C(=O)c2ccccc2C1=C(C#N)C#N.c1cc2sccc2s1.CCCCCCc1ccc(-c2(-c3ccc(CCCCCC)cc3)cccc2)cc1.c1ccccc1.CCCCCCc1ccc(-c2(-c3ccc(CCCCCC)cc3)cccc2)cc1.c1cc2sccc2s1.C=C1C(=O)c2ccccc2C1=C(C#N)C#N,8.657316576301547
CCCCC(CC)Cc1ccc(-c2c3cc(C)sc3c(-c3ccc(CC(CC)CCCC)s3)c3ccsc23)s1.c1ccsc1.CCCCC(CC)Cc1sc(CC(CC)CCCC)c2c1C(=O)c1cscc1C2=O.Cc1cccs1.C=C1C(=O)c2ccccc2C1=C(C#N)C#N.c1ccsc1.CCCCCCCCC(CCCCCC)Cc1(CC(CCCCCC)CCCCCCCC)cccc1.c1ccccc1.CCCCCCCCC(CCCCCC)Cc1(CCCCCCCCC(C)CCCCCC)cccc1.c1ccsc1.C=C1C(=O)c2ccccc2C1=C(C#N)C#N,9.242672865917482
CCCCC(CC)Cc1ccc(-c2c3cc(C)sc3c(-c3ccc(CC(CC)CCCC)s3)c3ccsc23)s1.c1ccsc1.CCCCC(CC)Cc1sc(CC(CC)CCCC)c2c1C(=O)c1cscc1C2=O.Cc1cccs1.C=C1C(=O)c2cc(F)c(F)cc2C1=C(C#N)C#N.c1cc[se]c1.c1ccsc1.CCCCCCc1ccc(-c2(-c3ccc(CCCCCC)cc3)cccc2)cc1.c1ccccc1.CCCCCCc1ccc(-c2(-c3ccc(CCCCCC)cc3)cccc2)cc1.c1ccsc1.c1cc[se]c1.C=C1C(=O)c2cc(F)c(F)cc2C1=C(C#N)C#N,10.722199928891085
CCCCCCCCC(CCCCCC)Cc1ccc(-c2c3ccsc3c(-c3ccc(CCCCCCCCC(C)CCCCCC)[se]3)c3cc(C)sc23)[se]1.c1ccsc1.CCCCCCn1nc2cc(F)c(F)cc2n1.Cc1cccs1.C=C1C(=O)c2ccccc2C1=C(C#N)C#N.c1cc2sccc2s1.CCCCCCc1ccc(-c2(-c3ccc(CCCCCC)cc3)cccc2)cc1.c1ccccc1.CCCCCCc1ccc(-c2(-c3ccc(CCCCCC)cc3)cccc2)cc1.c1cc2sccc2s1.C=C1C(=O)c2ccccc2C1=C(C#N)C#N,9.395112013575513
CCCCC(CC)Cc1sc(-c2c3cc(C)sc3c(-c3cc(F)c(CC(CC)CCCC)s3)c3ccsc23)cc1F.c1ccsc1.CCCCC(CC)Cc1sc(CC(CC)CCCC)c2c1C(=O)c1cscc1C2=O.Cc1cccs1.C=C1C(=O)c2cc(F)c(F)cc2C1=C(C#N)C#N.c1ccsc1.CCCCC(CC)Cc1(CCCCC(C)CC)cccc1.c1ccsc1.Fc1cc(F)c(F)cc1F.c1ccsc1.CCCCC(CC)Cc1(CC(CC)CCCC)cccc1.c1ccsc1.C=C1C(=O)c2cc(F)c(F)cc2C1=C(C#N)C#N,11.169224537272388
CCCCC(CC)Cc1sc(-c2c3cc(C)sc3c(-c3cc(F)c(CC(CC)CCCC)s3)c3ccsc23)cc1F.c1ccsc1.CCCCC(CC)Cc1sc(CC(CC)CCCC)c2c1C(=O)c1cscc1C2=O.Cc1cccs1.C=C1C(=O)c2cc(F)c(F)cc2C1=C(C#N)C#N.c1ccsc1.CCCCC(CC)Cc1(CCCCC(C)CC)cccc1.c1ccsc1.Fc1ccc(F)cc1.c1ccsc1.CCCCC(CC)Cc1(CC(CC)CCCC)cccc1.c1ccsc1.C=C1C(=O)c2cc(F)c(F)cc2C1=C(C#N)C#N,10.920743717096203
CCCCC(CC)Cc1ccc(-c2c3cc(C)sc3c(-c3ccc(CC(CC)CCCC)s3)c3ccsc23)s1.c1ccsc1.CCCCC(CC)Cc1sc(CC(CC)CCCC)c2c1C(=O)c1cscc1C2=O.Cc1cccs1.C=C1C(=O)c2ccccc2C1=C(C#N)C#N.c1ccsc1.CCCCCCc1ccc(-c2(-c3ccc(CCCCCC)cc3)cccc2)cc1.c1cc[sH]c1.c1ccccc1.c1cc[sH]c1.CCCCCCc1ccc(-c2(-c3ccc(CCCCCC)cc3)cccc2)cc1.c1ccsc1.C=C1C(=O)c2ccccc2C1=C(C#N)C#N,Invalid SMILES
CCCCC(CC)Cc1ccc(-c2c3cc(C)sc3c(-c3ccc(CC(CC)CCCC)s3)c3ccsc23)s1.c1ccsc1.CCCCC(CC)Cc1sc(CC(CC)CCCC)c2c1C(=O)c1cscc1C2=O.Cc1cccs1.C=C1C(=O)N(CC)C(=S)N(CC)C1=O.c1cc2sccc2s1.CCCCCCc1ccc(-c2(-c3ccc(CCCCCC)cc3)cccc2)cc1.c1ccccc1.CCCCCCc1ccc(-c2(-c3ccc(CCCCCC)cc3)cccc2)cc1.c1cc2sccc2s1.C=C1C(=O)N(CC)C(=S)N(CC)C1=O,6.682336702263392
CCCCC(CC)Cc1ccc(-c2c3cc(C)sc3c(-c3ccc(CC(CC)CCCC)s3)c3ccsc23)s1.c1ccsc1.CCCCC(CC)Cc1sc(CC(CC)CCCC)c2c1C(=O)c1cscc1C2=O.Cc1cccs1.C=C1C(=O)c2cc3ccccc3cc2C1=C(C#N)C#N.c1ccsc1.CCCCCCC(CCCC)CSOc1ccc(-c2(-c3ccc(OSCC(CCCC)CCCCCC)cc3)cccc2)cc1.c1ccc2ccccc2c1.CCCCCCC(CCCC)CSOc1ccc(-c2(-c3ccc(OSCC(CCCC)CCCCCC)cc3)cccc2)cc1.c1ccsc1.C=C1C(=O)c2cc3ccccc3cc2C1=C(C#N)C#N,8.297612414835902
CCCCCCC(CCCC)CSc1c2cc(C)sc2c(SCC(CCCC)CCCCCC)c2ccsc12.c1ccsc1.CCCCCCC(CCCC)CSn1nc2cc(F)c(F)cc2n1.Cc1cccs1.C=C1C(=O)c2cc(F)c(F)cc2C1=C(C#N)C#N.c1ccsc1.CCCCCCc1ccc(-c2(-c3ccc(CCCCCC)cc3)cccc2)cc1.c1ccccc1.CCCCCCc1ccc(-c2(-c3ccc(CCCCCC)cc3)cccc2)cc1.c1ccsc1.C=C1C(=O)c2cc(F)c(F)cc2C1=C(C#N)C#N,10.048120483543478
CCCCCCC(CCCC)CSc1c2cc(C)sc2c(SCC(CCCC)CCCCCC)c2ccsc12.c1ccsc1.CCCCCCC(CCCC)CSn1nc2cc(F)c(F)cc2n1.Cc1cccs1.C=C1C(=O)c2cc(F)c(F)cc2C1=C(C#N)C#N.c1cc2sc3ccsc3c2s1.CCCCCCc1ccc(-c2(-c3ccc(CCCCCC)cc3)cccc2)cc1.c1ccccc1.CCCCCCc1ccc(-c2(-c3ccc(CCCCCC)cc3)cccc2)cc1.c1cc2sc3ccsc3c2s1.C=C1C(=O)c2cc(F)c(F)cc2C1=C(C#N)C#N,10.629342652685317
CCC[Si](CCC)(CCC)c1ccc(-c2c3cc(C)sc3c(-c3ccc([Si](CCC)(CCC)CCC)s3)c3ccsc23)s1.c1ccsc1.CCCCC(CC)Cc1sc(CC(CC)CCCC)c2c1C(=O)c1cscc1C2=O.Cc1cccs1.C=C1C(=O)c2ccccc2C1=C(C#N)C#N.c1cc2sccc2s1.CCCCCCc1cccc(-c2(-c3cccc(CCCCCC)c3)cccc2)c1.c1ccccc1.CCCCCCc1cccc(-c2(-c3cccc(CCCCCC)c3)cccc2)c1.c1cc2sccc2s1.C=C1C(=O)c2ccccc2C1=C(C#N)C#N,10.676368767678229
CCCCC(CC)Cc1sc(-c2c3cc(C)sc3c(-c3cc(Cl)c(CC(CC)CCCC)s3)c3ccsc23)cc1Cl.CCCCC(CC)COC(=O)c1sc2csc(C)c2c1F.C=C1C(=O)c2ccccc2C1=C(C#N)C#N.c1cc2sccc2s1.CCCCCCc1ccc(-c2(-c3ccc(CCCCCC)cc3)cccc2)cc1.c1ccccc1.CCCCCCc1ccc(-c2(-c3ccc(CCCCCC)cc3)cccc2)cc1.c1cc2sccc2s1.C=C1C(=O)c2ccccc2C1=C(C#N)C#N,8.649121076071292
CCCCC(CC)Cc1ccc(-c2c3cc(C)sc3c(-c3ccc(CC(CC)CCCC)s3)c3ccsc23)s1.c1ccsc1.CCCCCCCCC(CCCCCC)Cn1nc2cc(F)c(F)cc2n1.Cc1cccs1.C=C1C(=O)c2ccccc2C1=C(C#N)C#N.c1cc2sccc2s1.CCCCCCc1ccc(-c2(-c3ccc(CCCCCC)cc3)cccc2)cc1.c1ccccc1.CCCCCCc1ccc(-c2(-c3ccc(CCCCCC)cc3)cccc2)cc1.c1cc2sccc2s1.C=C1C(=O)c2ccccc2C1=C(C#N)C#N,8.024241271495269
CCC[Si](CCC)(CCC)c1ccc(-c2c3cc(C)sc3c(-c3ccc([Si](CCC)(CCC)CCC)s3)c3ccsc23)s1.c1ccsc1.CCCCCCCCC(CCCCCC)Cn1nc2cc(F)c(F)cc2n1.Cc1cccs1.C=C1C(=O)c2ccccc2C1=C(C#N)C#N.c1cc2sccc2s1.CCCCCCc1ccc(-c2(-c3ccc(CCCCCC)cc3)cccc2)cc1.c1ccccc1.CCCCCCc1ccc(-c2(-c3ccc(CCCCCC)cc3)cccc2)cc1.c1cc2sccc2s1.C=C1C(=O)c2ccccc2C1=C(C#N)C#N,10.36106678729384
CCCCC(CC)COc1ccc(-c2c3ccsc3c(-c3ccc(OCC(CC)CCCC)cc3)c3cc(C)oc23)cc1.c1ccsc1.CCCCCCCCOc1cc2nsnc2cc1OCCCCCCCC.Cc1cccs1.C=C1C(=O)c2ccccc2C1=C(C#N)C#N.c1cc2sccc2s1.CCCCCCc1ccc(-c2(-c3ccc(CCCCCC)cc3)cccc2)cc1.c1ccccc1.CCCCCCc1ccc(-c2(-c3ccc(CCCCCC)cc3)cccc2)cc1.c1cc2sccc2s1.C=C1C(=O)c2ccccc2C1=C(C#N)C#N,5.674770741177381
CCCCC(CC)CCc1c(F)cc(-c2c3cc(C)sc3c(-c3cc(F)c(CCC(CC)CCCC)c(F)c3)c3ccsc23)cc1F.c1ccsc1.CCCCCCCCCCCCSOc1cc2nsnc2cc1OSCCCCCCCCCCCC.Cc1cccs1.C=C1SC(=S)N(CC)C1=O.c1ccc2nsnc2c1.CCCCCCn1c2ccccc2c2ccccc21.c1ccc2nsnc2c1.C=C1SC(=S)N(CC)C1=O,6.090559077391511
CCCCC(CC)Cc1ccc(-c2c3cc(C)sc3c(-c3ccc(CC(CC)CCCC)s3)c3ccsc23)s1.c1ccsc1.CCCCC(CC)Cc1sc(CC(CC)CCCC)c2c1C(=O)c1cscc1C2=O.Cc1cccs1.C=C1C(=O)c2cscc2C1=C(C#N)C#N.CCCCC(CC)Cc1ccsc1.c1ccsc1.CCCCCCc1ccc(-c2(-c3ccc(CCCCCC)cc3)cccc2)cc1.c1ccccc1.CCCCCCc1ccc(-c2(-c3ccc(CCCCCC)cc3)cccc2)cc1.c1ccsc1.CCCCC(CC)Cc1ccsc1.C=C1C(=O)c2cscc2C1=C(C#N)C#N,8.519860705273299
CCCCC(CC)Cc1ccc(-c2c3cc(C)sc3c(-c3ccc(CC(CC)CCCC)s3)c3ccsc23)s1.CCCCC(CC)COC(=O)c1sc2csc(C)c2c1F.C=C1C(=O)c2ccccc2C1=C(C#N)C#N.c1ccsc1.CCCCCCc1ccc(-c2(-c3ccc(CCCCCC)cc3)cccc2)cc1.c1cc2sccc2s1.CCCCCCc1ccc(-c2(-c3ccc(CCCCCC)cc3)cccc2)cc1.c1ccsc1.C=C1C(=O)c2ccccc2C1=C(C#N)C#N,8.405370012886861
CCCCC(CC)Cc1ccc(-c2c3cc(C)sc3c(-c3ccc(CC(CC)CCCC)s3)c3ccsc23)s1.CCCCC(CC)CC(=O)c1cc2c(C)scc2s1.C=C(C#N)C#N.c1ccc2nsnc2c1.c1cc2sccc2s1.CCCCCCc1ccc(-c2(-c3ccc(CCCCCC)cc3)cccc2)cc1.c1ccccc1.CCCCCCc1ccc(-c2(-c3ccc(CCCCCC)cc3)cccc2)cc1.c1cc2sccc2s1.c1ccc2nsnc2c1.C=C(C#N)C#N,6.680764104072942
CCC[Si](CCC)(CCC)c1ccc(-c2c3ccsc3c(C3=CCC([Si](CCC)(CCC)CCC)S3)c3cc(C)sc23)s1.c1ccsc1.CCCCCCCCC(CCCCCC)Cn1nc2cc(Cl)c(Cl)cc2n1.Cc1cccs1.C=C1C(=O)c2cc(F)ccc2C1=C(C#N)C#N.c1ccsc1.c1cccc1.c1ccccc1.CCCCCCCCC(CCCCCC)CC1(CCCCCCCCC(C)CCCCCC)ccC2C1ccC2(CC(CCCCCC)CCCCCCCC)CC(CCCCCC)CCCCCCCC.c1ccccc1.c1cccc1.c1ccsc1.C=C1C(=O)c2cc(F)ccc2C1=C(C#N)C#N,Invalid SMILES
