DA_manual_str,calc_PCE_percent
CCCCC(CC)Cc1c(F)cc(-c2c3cc(C)sc3c(-c3cc(F)c(CC(CC)CCCC)c(F)c3)c3ccsc23)cc1F.c1ccsc1.CCCCCCCCCCCCOc1cc2nsnc2cc1OCCCCCCCCCCCC.Cc1cccs1.C=C1C(=O)c2ccccc2C1=C(C#N)C#N.c1ccsc1.CCCCCCc1(CCCCCC)cccc1.c1ccccc1.CCCCCCc1(CCCCCC)cccc1.c1ccsc1.C=C1C(=O)c2ccccc2C1=C(C#N)C#N,7.642119374450718
CCCCC(CC)Cc1ccc(-c2c3cc(C)sc3c(-c3ccc(CC(CC)CCCC)s3)c3ccsc23)s1.c1ccsc1.CCCCC(CC)Cc1sc(CC(CC)CCCC)c2c1C(=O)c1cscc1C2=O.Cc1cccs1.C=C1C(=O)c2cc(Cl)c(Cl)cc2C1=C(C#N)C#N.CCCCC(CC)COc1ccsc1.c1ccsc1.CCCCCCc1ccc(-c2(-c3ccc(CCCCCC)cc3)cccc2)cc1.c1ccccc1.CCCCCCc1ccc(-c2(-c3ccc(CCCCCC)cc3)cccc2)cc1.c1ccsc1.CCCCC(CC)COc1ccsc1.C=C1C(=O)c2cc(Cl)c(Cl)cc2C1=C(C#N)C#N,8.799993856287841
CCCCC(CC)Cc1ccc(-c2c3ccsc3c(-c3ccc(CCCCC(C)CC)s3)c3cc(C)sc23)s1.c1ccsc1.CCCCCCCCC(CCCCCC)Cn1nc2cc(F)c(F)cc2n1.Cc1cccs1.C=C1C(=O)c2cc(F)c(F)cc2C1=C(C#N)C#N.CCCCC(CC)COc1ccsc1.c1ccsc1.CCCCCCc1ccc(-c2(-c3ccc(CCCCCC)cc3)cccc2)cc1.c1ccccc1.CCCCCCc1ccc(-c2(-c3ccc(CCCCCC)cc3)cccc2)cc1.c1ccsc1.CCCCC(CC)COc1ccsc1.C=C1C(=O)c2cc(F)c(F)cc2C1=C(C#N)C#N,7.92355587393101
CCCCCCCCCCC(CCCCCCCC)COc1c2cc(C)sc2c(OCC(CCCCCCCC)CCCCCCCCCC)c2ccsc12.c1ccsc1.CCCCC(CC)Cn1nc2cc(F)c(F)cc2n1.Cc1cccs1.C=C1C(=O)c2ccccc2C1=C(C#N)C#N.c1cc2sccc2s1.CCCCCCc1ccc(-c2(-c3ccc(CCCCCC)cc3)cccc2)cc1.c1ccccc1.CCCCCCc1ccc(-c2(-c3ccc(CCCCCC)cc3)cccc2)cc1.c1cc2sccc2s1.C=C1C(=O)c2ccccc2C1=C(C#N)C#N,6.70511833787258
CCCCC(CC)CSc1ccc(-c2c3cc(C)sc3c(-c3ccc(SCC(CC)CCCC)s3)c3ccsc23)s1.c1ccsc1.CCCCCCCCC(CCCCCC)Cn1nc2cc(F)c(F)cc2n1.Cc1cccs1.C=C1C(=O)c2ccccc2C1=C(C#N)C#N.c1cc2sccc2s1.CCCCCCc1ccc(-c2(-c3ccc(CCCCCC)cc3)cccc2)cc1.c1ccccc1.CCCCCCc1ccc(-c2(-c3ccc(CCCCCC)cc3)cccc2)cc1.c1cc2sccc2s1.C=C1C(=O)c2ccccc2C1=C(C#N)C#N,8.780564584831104
C=CCCCCSSc1ccc(-c2c3cc(C)sc3c(-c3ccc(SSCCCCC=C)s3)c3ccsc23)s1.c1ccsc1.CCCCCCCCC(CCCCCC)Cn1nc2cc(F)c(F)cc2n1.Cc1cccs1.C=C1C(=O)c2ccccc2C1=C(C#N)C#N.c1cc2sccc2s1.CCCCCCc1ccc(-c2(-c3ccc(CCCCCC)cc3)cccc2)cc1.c1ccccc1.CCCCCCc1ccc(-c2(-c3ccc(CCCCCC)cc3)cccc2)cc1.c1cc2sccc2s1.C=C1C(=O)c2ccccc2C1=C(C#N)C#N,9.578486213776145
CCC[Si](CCC)(CCC)c1ccc(-c2c3cc(C)oc3c(-c3ccc([Si](CCC)(CCC)CCC)s3)c3ccoc23)s1.c1ccsc1.CCCCCCCCC(CCCCCC)Cn1nc2cc(F)c(F)cc2n1.Cc1cccs1.C=C1C(=O)c2ccccc2C1=C(C#N)C#N.c1cc2sccc2s1.CCCCCCc1cccc(-c2(-c3cccc(CCCCCC)c3)cccc2)c1.c1ccccc1.CCCCCCc1cccc(-c2(-c3cccc(CCCCCC)c3)cccc2)c1.c1cc2sccc2s1.C=C1C(=O)c2ccccc2C1=C(C#N)C#N,9.053902918651167
CCCCC(CC)COc1c2cc(C)sc2c(OCC(CC)CCCC)c2ccsc12.Cc1cccs1.C=C1C(=O)c2ccccc2C1=C(C#N)C#N.c1cc2sccc2s1.CCCCCCc1ccc(-c2(-c3ccc(CCCCCC)cc3)cccc2)cc1.c1ccccc1.CCCCCCc1ccc(-c2(-c3ccc(CCCCCC)cc3)cccc2)cc1.c1cc2sccc2s1.C=C1C(=O)c2ccccc2C1=C(C#N)C#N,7.084455229009985
CCCCCCC(CCCC)CSSc1ccc(-c2c3cc(C)sc3c(-c3ccc(SSCC(CCCC)CCCCCC)s3)c3ccsc23)s1.CCCCCCCCc1ccsc1.c1nncs1.CCCCCCCCc1ccsc1C.C=C1C(=O)c2ccccc2C1=C(C#N)C#N.c1cc2sccc2s1.CCCCCCc1ccc(-c2(-c3ccc(CCCCCC)cc3)cccc2)cc1.c1ccccc1.CCCCCCc1ccc(-c2(-c3ccc(CCCCCC)cc3)cccc2)cc1.c1cc2sccc2s1.C=C1C(=O)c2ccccc2C1=C(C#N)C#N,9.712530060934158
CCCCCCC(CCCC)CSc1c2cc(C)sc2c(SCC(CCCC)CCCCCC)c2ccsc12.c1ccsc1.CCCCCCC(CCCC)CSn1nc2cc(F)c(F)cc2n1.Cc1cccs1.C=C1C(=O)c2ccc(OC)cc2C1=C(C#N)C#N.c1cc2sccc2s1.CCCCCCc1ccc(-c2(-c3ccc(CCCCCC)s3)cccc2)s1.c1ccccc1.CCCCCCc1ccc(-c2(-c3ccc(CCCCCC)s3)cccc2)s1.c1cc2sccc2s1.C=C1C(=O)c2ccc(OC)cc2C1=C(C#N)C#N,9.85755751940818
CCCCC(CC)Cc1ccc(-c2c3ccsc3c(-c3ccc(CCCCC(C)CC)s3)c3cc(C)sc23)s1.c1ccsc1.CCCCCCCCC(CCCCCC)Cn1nc2cc(F)c(F)cc2n1.Cc1cccs1.C=C1C(=O)c2ccc(C)cc2C1=C(C#N)C#N.c1cc2sccc2s1.CCCCCCc1ccc(-c2(-c3ccc(CCCCCC)cc3)cccc2)cc1.c1ccccc1.CCCCCCc1ccc(-c2(-c3ccc(CCCCCC)cc3)cccc2)cc1.c1cc2sccc2s1.C=C1C(=O)c2ccc(C)cc2C1=C(C#N)C#N,8.671070166424617
CCC[Si](CCC)(CCC)c1ccc(-c2c3cc(C)sc3c(-c3ccc([Si](CCC)(CCC)CCC)s3)c3ccsc23)s1.c1ccsc1.CCCCCCCCC(CCCCCC)Cn1nc2cc(F)c(F)cc2n1.Cc1cccs1.C=C1C(=O)c2cc(F)ccc2C1=C(C#N)C#N.c1cc2sccc2s1.CCCCCCc1ccc(-c2(-c3ccc(CCCCCC)cc3)cccc2)cc1.c1ccccc1.CCCCCCc1ccc(-c2(-c3ccc(CCCCCC)cc3)cccc2)cc1.c1cc2sccc2s1.C=C1C(=O)c2cc(F)ccc2C1=C(C#N)C#N,10.342967362753384
CCC[Si](CCC)(CCC)c1ccc(-c2c3cc(C)sc3c(-c3ccc([Si](CCC)(CCC)CCC)s3)c3ccsc23)s1.c1ccsc1.CCCCCCCCC(CCCCCC)Cn1nc2cc(F)c(F)cc2n1.Cc1cccs1.C=C1C(=O)c2c(csc2C)C1=C(C#N)C#N.c1ccsc1.CCCCCCc1ccc(-c2(-c3ccc(CCCCCC)cc3)cccc2)cc1.c1cc[sH]c1.c1ccccc1.c1cc[sH]c1.CCCCCCc1ccc(-c2(-c3ccc(CCCCCC)cc3)cccc2)cc1.c1ccsc1.C=C1C(=O)c2c(csc2C)C1=C(C#N)C#N,Invalid SMILES
CCCCC(CC)Cc1sc(-c2c3ccsc3c(-c3sc(CCCCC(C)CC)c(F)c3F)c3cc(C)sc23)c(F)c1F.c1ccsc1.CCCCCCCCC(CCCCCC)Cn1nc2cc(F)c(F)cc2n1.Cc1cccs1.C=C1C(=O)c2ccccc2C1=C(C#N)C#N.c1cc2sccc2s1.CCCCCCc1cccc(-c2(-c3cccc(CCCCCC)c3)cccc2)c1.c1ccccc1.CCCCCCc1cccc(-c2(-c3cccc(CCCCCC)c3)cccc2)c1.c1cc2sccc2s1.C=C1C(=O)c2ccccc2C1=C(C#N)C#N,9.321951854952879
CCCCCCC(CCCC)CSc1c2cc(C)sc2c(SCC(CCCC)CCCCCC)c2ccsc12.c1ccsc1.CCCCCCC(CCCC)CSn1nc2cc(F)c(F)cc2n1.Cc1cccs1.C=C1C(=O)c2cc(F)c(F)cc2C1=C(C#N)C#N.c1ccsc1.CCCCCCc1ccc(-c2(-c3ccc(CCCCCC)cc3)cccc2)cc1.c1ccc2ccccc2c1.CCCCCCc1ccc(-c2(-c3ccc(CCCCCC)cc3)cccc2)cc1.c1ccsc1.C=C1C(=O)c2cc(F)c(F)cc2C1=C(C#N)C#N,9.480925769966936
CCCCCCC(CCCC)CSc1c2cc(C)sc2c(SCC(CCCC)CCCCCC)c2ccsc12.c1ccsc1.CCCCCCC(CCCC)CSn1nc2cc(F)c(F)cc2n1.Cc1cccs1.C=C1C(=O)c2cc(F)c(F)cc2C1=C(C#N)C#N.c1cc[sH]c1.CCCCCCc1ccc(-c2(-c3ccc(CCCCCC)cc3)cccc2)cc1.c1ccsc1.CCCCCCc1ccc2cc(CCCCCC)ccc2c1.c1ccsc1.CCCCCCc1ccc(-c2(-c3ccc(CCCCCC)cc3)cccc2)cc1.c1cc[sH]c1.C=C1C(=O)c2cc(F)c(F)cc2C1=C(C#N)C#N,Invalid SMILES
CCCCCCC(CC)c1sc(-c2c3cc(C)sc3c(-c3cc(F)c(C(CC)CCCCCC)s3)c3ccsc23)cc1F.c1ccsc1.CCCCCCCCCC(CCCCCC)n1nc2cc(F)c(F)cc2n1.Cc1cccs1.C=C1C(=O)c2sccc2C1=C(C#N)C#N.c1cc2sccc2s1.CCCCCCc1ccc(-c2(-c3ccc(CCCCCC)cc3)cccc2)cc1.c1ccccc1.CCCCCCc1ccc(-c2(-c3ccc(CCCCCC)cc3)cccc2)cc1.c1cc2sccc2s1.C=C1C(=O)c2sccc2C1=C(C#N)C#N,9.497814667872497
CCCCCCC(CC)c1sc(-c2c3cc(C)sc3c(-c3cc(F)c(C(CC)CCCCCC)s3)c3ccsc23)cc1F.c1ccsc1.CCCCCCCCCC(CCCCCC)n1nc2cc(F)c(F)cc2n1.Cc1cccs1.C=C1C(=O)c2ccc(C)cc2C1=C(C#N)C#N.c1cc2sccc2s1.CCCCCCc1ccc(-c2(-c3ccc(CCCCCC)cc3)cccc2)cc1.c1ccccc1.CCCCCCc1ccc(-c2(-c3ccc(CCCCCC)cc3)cccc2)cc1.c1cc2sccc2s1.C=C1C(=O)c2ccc(C)cc2C1=C(C#N)C#N,9.326385548186455
CCCCC(CC)Cc1ccc(-c2c3cc(C)sc3c(-c3ccc(CC(CC)CCCC)s3)c3ccsc23)s1.c1ccsc1.CCCCC(CC)Cc1sc(CC(CC)CCCC)c2c1C(=O)c1cscc1C2=O.Cc1cccs1.C=C1C(=O)c2ccccc2C1=C(C#N)C#N.c1cc2sccc2s1.CCCCCCc1ccc(-c2(-c3ccc(CCCCCC)cc3)cccc2)cc1.c1ccccc1.CCCCCCc1ccc(-c2(-c3ccc(CCCCCC)cc3)cccc2)cc1.c1cc2sccc2s1.C=C1C(=O)c2ccccc2C1=C(C#N)C#N,8.948323711868502
CCCCC(CC)Cc1ccc(-c2c3cc(C)sc3c(-c3ccc(CC(CC)CCCC)s3)c3ccsc23)s1.CCCCC(CC)COC(=O)c1sc2csc(C)c2c1F.C=C1C(=O)c2ccccc2C1=C(C#N)C#N.c1ccsc1.CCCCCCc1ccc(-c2(-c3ccc(CCCCCC)cc3)cccc2)cc1.c1cc2sccc2s1.CCCCCCc1ccc(-c2(-c3ccc(CCCCCC)cc3)cccc2)cc1.c1ccsc1.C=C1C(=O)c2ccccc2C1=C(C#N)C#N,8.824348423532307
CCCCC(CC)Cc1ccc(-c2c3cc(C)sc3c(-c3ccc(CC(CC)CCCC)s3)c3ccsc23)s1.c1ccsc1.CCCCC(CC)Cc1sc(CC(CC)CCCC)c2c1C(=O)c1cscc1C2=O.Cc1cccs1.C=C1C(=O)c2ccccc2C1=C(C#N)C#N.c1ccsc1.c1ccccc1.CCCCCCCCc1(CCCCCCCC)cccc1.c1ccccc1.c1ccsc1.C=C1C(=O)c2ccccc2C1=C(C#N)C#N,6.803218598833075
CCCCC(CC)Cc1ccc(-c2c3cc(C)sc3c(-c3ccc(CC(CC)CCCC)s3)c3ccsc23)s1.c1ccsc1.CCCCC(CC)Cc1sc(CC(CC)CCCC)c2c1C(=O)c1cscc1C2=O.Cc1cccs1.C=C1C(=O)c2ccccc2C1=C(C#N)C#N.CCCCCCOc1ccc(OCCCCCC)cc1.c1ccsc1.CCCCCCc1ccc(-c2(-c3ccc(CCCCCC)cc3)cccc2)cc1.c1ccccc1.CCCCCCc1ccc(-c2(-c3ccc(CCCCCC)cc3)cccc2)cc1.c1ccsc1.CCCCCCOc1ccc(OCCCCCC)cc1.C=C1C(=O)c2ccccc2C1=C(C#N)C#N,6.515269099210666
CCCCC(CC)Cc1ccc(-c2c3cc(C)sc3c(-c3ccc(CC(CC)CCCC)s3)c3ccsc23)s1.c1ccsc1.CCCCC(CC)Cc1sc(CC(CC)CCCC)c2c1C(=O)c1cscc1C2=O.Cc1cccs1.C=C1C(=O)c2cc(F)ccc2C1=C(C#N)C#N.c1ccsc1.CCCCCCc1ccc(-c2(-c3ccc(CCCCCC)cc3)cccc2)cc1.c1cc[sH]c1.CCCCCCCCc1ccc(CCCCCCCC)cc1.c1cc[sH]c1.CCCCCCc1ccc(-c2(-c3ccc(CCCCCC)cc3)cccc2)cc1.c1ccsc1.C=C1C(=O)c2cc(F)ccc2C1=C(C#N)C#N,Invalid SMILES
CCCCCCc1ccsc1C.CCCCCCc1ccsc1.CCCCCCc1ccsc1.CCCCCCc1csc(C)c1.C=C1SC(=S)N(CC)C1=O.c1ccc2nsnc2c1.c1ccsc1.CCCCC(CC)Cc1(CC(CC)CCCC)cccc1.c1ccccc1.CCCCC(CC)Cc1(CC(CC)CCCC)cccc1.c1ccsc1.c1ccc2nsnc2c1.C=C1SC(=S)N(CC)C1=O,4.764879284095459
CCCCC(CC)Cc1ccc(-c2c3cc(C)sc3c(-c3ccc(CC(CC)CCCC)s3)c3ccsc23)s1.c1ccsc1.CCCCCCCCN1C(=O)c2cc3nn(CCCCCCCC)nc3cc2C1=O.Cc1cccs1.C=C1C(=O)c2ccccc2C1=C(C#N)C#N.c1cc2sccc2s1.CCCCCCc1ccc(-c2(-c3ccc(CCCCCC)cc3)cccc2)cc1.c1ccccc1.CCCCCCc1ccc(-c2(-c3ccc(CCCCCC)cc3)cccc2)cc1.c1cc2sccc2s1.C=C1C(=O)c2ccccc2C1=C(C#N)C#N,6.758513372193035
CCCCCCC(CCCC)CSc1c2cc(C)sc2c(SCC(CCCC)CCCCCC)c2ccsc12.c1ccsc1.CCCCCCC(CCCC)CSn1nc2cc(F)c(F)cc2n1.Cc1cccs1.C=C1C(=O)c2c(F)cccc2C1=C(C#N)C#N.c1cc2sc3ccsc3c2s1.CCCCCCc1ccc(-c2(-c3ccc(CCCCCC)cc3)cccc2)cc1.c1ccccc1.CCCCCCc1ccc(-c2(-c3ccc(CCCCCC)cc3)cccc2)cc1.c1cc2sc3ccsc3c2s1.C=C1C(=O)c2c(F)cccc2C1=C(C#N)C#N,9.962635713638026
CCCCC(CC)Cc1ccc(-c2c3cc(C)sc3c(-c3ccc(CC(CC)CCCC)s3)c3ccsc23)s1.CCCCC(CC)COC(=O)c1sc2csc(C)c2c1F.C=C1C(=O)c2cc(F)c(F)cc2C1=C(C#N)C#N.c1ccsc1.CCCCCCc1ccc(-c2(-c3ccc(CCCCCC)cc3)cccc2)cc1.c1cc2sccc2s1.CCCCCCc1ccc(-c2(-c3ccc(CCCCCC)cc3)cccc2)cc1.c1ccsc1.C=C1C(=O)c2cc(F)c(F)cc2C1=C(C#N)C#N,10.44127073061581
CCCCC(CC)Cc1ccc(-c2c3cc(C)sc3c(-c3ccc(CC(CC)CCCC)s3)c3ccsc23)s1.CCCCC(CC)COC(=O)c1sc2csc(C)c2c1F.C=C1C(=O)c2cc(F)c(F)cc2C1=C(C#N)C#N.c1cc2sc3ccsc3c2s1.CCCCCCc1ccc(-c2(-c3ccc(CCCCCC)cc3)cccc2)cc1.c1cc2sccc2s1.CCCCCCc1ccc(-c2(-c3ccc(CCCCCC)cc3)cccc2)cc1.c1cc2sc3ccsc3c2s1.C=C1C(=O)c2cc(F)c(F)cc2C1=C(C#N)C#N,11.325057060125188
CCCCC(CC)Cc1ccc(-c2c3cc(C)sc3c(-c3ccc(CC(CC)CCCC)s3)c3ccsc23)s1.CCCCC(CC)CC(=O)c1cc2c(C)scc2s1.C=C1C(=O)c2ccccc2C1=C(C#N)C#N.c1ccsc1.c1ccsc1.CCCCCCc1ccc(-c2(-c3ccc(CCCCCC)cc3)cccc2)cc1.c1ccccc1.CCCCCCc1ccc(-c2(-c3ccc(CCCCCC)cc3)cccc2)cc1.c1ccsc1.c1ccsc1.C=C1C(=O)c2ccccc2C1=C(C#N)C#N,6.6491912685641275
CCCCCCCCCCCCC(CCCCCCCCCC)Cc1ccsc1C.Fc1cc2nsnc2cc1F.CCCCCCCCCCCCC(C)CCCCCCCCCCc1ccsc1.c1ccsc1.Cc1cccs1.C=C1SC(=S)N(CC)C1=O.c1ccc2nsnc2c1.c1ccsc1.CCCCCCCCc1(CCCCCCCC)cccc1.c1ccccc1.CCCCCCCCc1(CCCCCCCC)cccc1.c1ccsc1.c1ccc2nsnc2c1.C=C1SC(=S)N(CC)C1=O,5.398390208251738
CCCCC(CC)Cc1ccc(-c2c3cc(C)sc3c(-c3ccc(CC(CC)CCCC)s3)c3ccsc23)s1.c1ccsc1.CCCCC(CC)Cc1sc(CC(CC)CCCC)c2c1C(=O)c1cscc1C2=O.Cc1cccs1.C=C1C(=O)c2ccccc2C1=C(C#N)C#N.c1ccsc1.CCCCCCc1(CCCCCC)cccc1.c1ccccc1.CCCCCCc1(CCCCCC)cccc1.c1ccccc1.CCCCCCc1(CCCCCC)cccc1.c1ccsc1.C=C1C(=O)c2ccccc2C1=C(C#N)C#N,7.149484189405849
CCCCC(CC)Cc1ccc(-c2c3cc(C)sc3c(-c3ccc(CC(CC)CCCC)s3)c3ccsc23)s1.c1ccsc1.CCCCC(CC)Cc1sc(CC(CC)CCCC)c2c1C(=O)c1cscc1C2=O.Cc1cccs1.C=C1C(=O)c2ccccc2C1=C(C#N)C#N.c1ccsc1.CCCCCCCCc1(CCCCCCCC)cccc1.c1ccccc1.CCCCCCc1(CCCCCC)cccc1.c1ccccc1.CCCCCCCCc1(CCCCCCCC)cccc1.c1ccsc1.C=C1C(=O)c2ccccc2C1=C(C#N)C#N,7.15446310355232
CCCCC(CC)Cc1ccc(-c2c3cc(C)sc3c(-c3ccc(CC(CC)CCCC)s3)c3ccsc23)s1.c1ccsc1.CCCCC(CC)Cc1sc(CC(CC)CCCC)c2c1C(=O)c1cscc1C2=O.Cc1cccs1.C=C1C(=O)c2ccccc2C1=C(C#N)C#N.c1cc2sccc2s1.CCCCCCc1ccc(-c2(-c3ccc(CCCCCC)cc3)cccc2)cc1.c1cc2sccc2s1.CCCCCCc1ccc(-c2(-c3ccc(CCCCCC)cc3)cccc2)cc1.c1cc2sccc2s1.C=C1C(=O)c2ccccc2C1=C(C#N)C#N,9.7611883255293
CCCCC(CC)Cc1ccc(-c2c3cc(C)sc3c(-c3ccc(CC(CC)CCCC)s3)c3ccsc23)s1.c1ccsc1.CCCCC(CC)Cc1sc(CC(CC)CCCC)c2c1C(=O)c1cscc1C2=O.Cc1cccs1.C=C1C(=O)c2ccccc2C1=C(C#N)C#N.c1cc2sccc2s1.CCCCCCc1ccc(-c2(-c3ccc(CCCCCC)cc3)cccc2)cc1.c1ccccc1.CCCCCCc1ccc(-c2(-c3ccc(CCCCCC)cc3)cccc2)cc1.c1cc2sccc2s1.C=C1C(=O)c2ccccc2C1=C(C#N)C#N,8.948323711868502
CCCCC(CC)Cc1ccc(-c2c3cc(C)sc3c(-c3ccc(CC(CC)CCCC)s3)c3ccsc23)s1.c1ccsc1.CCCCC(CC)Cc1sc(CC(CC)CCCC)c2c1C(=O)c1cscc1C2=O.Cc1cccs1.C=C1C(=O)c2cccc(OC)c2C1=C(C#N)C#N.c1cc2sccc2s1.CCCCCCc1ccc(-c2(-c3ccc(CCCCCC)cc3)cccc2)cc1.c1ccccc1.CCCCCCc1ccc(-c2(-c3ccc(CCCCCC)cc3)cccc2)cc1.c1cc2sccc2s1.C=C1C(=O)c2cccc(OC)c2C1=C(C#N)C#N,8.865628131152448
CCCCC(CC)Cc1ccc(-c2c3cc(C)sc3c(-c3ccc(CC(CC)CCCC)s3)c3ccsc23)s1.CCCCC(CC)COC(=O)c1sc2csc(C)c2c1F.C=C1C(=O)c2ccccc2C1=C(C#N)C#N.c1ccsc1.c1ccccc1.CCCCCCCCc1(CCCCCCCC)cccc1.c1ccccc1.CCCCCCCCc1(CCCCCCCC)cccc1.c1ccccc1.c1ccsc1.C=C1C(=O)c2ccccc2C1=C(C#N)C#N,5.746792707036777
CCCCC(CC)Cc1ccc(-c2c3cc(C)sc3c(-c3ccc(CC(CC)CCCC)s3)c3ccsc23)s1.c1ccsc1.CCCCC(CC)Cc1sc(CC(CC)CCCC)c2c1C(=O)c1cscc1C2=O.Cc1cccs1.C=C1C(=O)c2ccccc2C1=C(C#N)C#N.c1cscn1.c1ccccc1.CCCCCCc1ccc(-c2(-c3ccc(CCCCCC)cc3)cccc2)cc1.c1ccccc1.CCCCCCc1ccc(-c2(-c3ccc(CCCCCC)cc3)cccc2)cc1.c1ccccc1.c1cscn1.C=C1C(=O)c2ccccc2C1=C(C#N)C#N,6.158045239100474
CCCCC(CC)Cc1ccc(-c2c3cc(C)sc3c(-c3ccc(CC(CC)CCCC)s3)c3ccsc23)s1.CCCCC(CC)COC(=O)c1sc2csc(C)c2c1F.C=C1C(=O)c2cc3ccccc3cc2C1=C(C#N)C#N.c1ccsc1.CCCCCCc1ccc(-c2(-c3ccc(CCCCCC)cc3)cccc2)cc1.c1ccccc1.CCCCCCc1ccc(-c2(-c3ccc(CCCCCC)cc3)cccc2)cc1.c1ccsc1.C=C1C(=O)c2cc3ccccc3cc2C1=C(C#N)C#N,7.5301294430312575
CCCCC(CC)Cc1ccc(-c2c3cc(C)sc3c(-c3ccc(CC(CC)CCCC)s3)c3ccsc23)s1.c1ccsc1.CCCCC(CC)Cc1sc(CC(CC)CCCC)c2c1C(=O)c1cscc1C2=O.Cc1cccs1.C=C1C(=O)c2cc3ccccc3cc2C1=C(C#N)C#N.CCCCC(CC)Cc1ccsc1.c1ccsc1.CCCCCCc1ccc(-c2(-c3ccc(CCCCCC)cc3)cccc2)cc1.c1ccccc1.CCCCCCc1ccc(-c2(-c3ccc(CCCCCC)cc3)cccc2)cc1.c1ccsc1.CCCCC(CC)Cc1ccsc1.C=C1C(=O)c2cc3ccccc3cc2C1=C(C#N)C#N,7.278851639899307
CCCCC(CC)Cc1ccc(-c2c3cc(C)sc3c(-c3ccc(CC(CC)CCCC)s3)c3ccsc23)s1.CCCCC(CC)COC(=O)c1sc2csc(C)c2c1F.C=C1C(=O)c2cc(F)c(F)cc2C1=C(C#N)C#N.CCCCC(CC)COc1ccsc1.c1ccsc1.CCCCC(CC)C[si]1(CC(CC)CCCC)cccc1.c1ccsc1.CCCCC(CC)COc1ccsc1.C=C1C(=O)c2cc(F)c(F)cc2C1=C(C#N)C#N,10.35349929413335
CCCCCCc1ccsc1C.CCCCCCc1ccsc1.CCCCCCc1ccsc1.CCCCCCc1csc(C)c1.C=c1sc(=C(C#N)C#N)n(CC)c1=O.CCCCCCCCn1nc2cc(OC)c(OC)cc2n1.c1ccsc1.CCCCCCc1ccc(-c2(-c3ccc(CCCCCC)cc3)cccc2)cc1.c1ccccc1.CCCCCCc1ccc(-c2(-c3ccc(CCCCCC)cc3)cccc2)cc1.c1ccsc1.CCCCCCCCn1nc2cc(OC)c(OC)cc2n1.C=c1sc(=C(C#N)C#N)n(CC)c1=O,3.78321443418825
CCCCC(CC)Cc1ccc(-c2c3cc(C)sc3c(-c3ccc(CC(CC)CCCC)s3)c3ccsc23)s1.CCCCC(CC)COC(=O)c1sc2csc(C)c2c1F.C=C1SC(=S)N(CC)C1=O.c1ccc2nsnc2c1.c1ccsc1.CCCCCCc1ccc(-c2(-c3ccc(CCCCCC)cc3)cccc2)cc1.c1ccccc1.CCCCCCc1ccc(-c2(-c3ccc(CCCCCC)cc3)cccc2)cc1.c1ccsc1.c1ccc2nsnc2c1.C=C1SC(=S)N(CC)C1=O,6.168522014844686
CCCCC(CC)Cc1ccc(-c2c3cc(C)sc3c(-c3ccc(CC(CC)CCCC)s3)c3ccsc23)s1.CCCCC(CC)COC(=O)c1sc2csc(C)c2c1F.C=c1sc(=C(C#N)C#N)n(CC)c1=O.CCCCCCCCOC(=O)c1cc2cscc2s1.c1ccsc1.CCCCCCc1ccc(-c2(-c3ccc(CCCCCC)cc3)cccc2)cc1.c1ccccc1.CCCCCCc1ccc(-c2(-c3ccc(CCCCCC)cc3)cccc2)cc1.c1ccsc1.CCCCCCCCOC(=O)c1cc2cscc2s1.C=c1sc(=C(C#N)C#N)n(CC)c1=O,6.676408245601294
CCCCCCc1ccsc1C.CCCCCCc1ccsc1.CCCCCCc1ccsc1.CCCCCCc1csc(C)c1.C=C1SC(=S)N(CC)C1=O.CCCCCCCCn1nc2ccccc2n1.c1ccsc1.CCCCCCc1ccc(-c2(-c3ccc(CCCCCC)cc3)cccc2)cc1.c1ccccc1.CCCCCCc1ccc(-c2(-c3ccc(CCCCCC)cc3)cccc2)cc1.c1ccsc1.CCCCCCCCn1nc2ccccc2n1.C=C1SC(=S)N(CC)C1=O,3.6602810935758017
CCCCC(CC)Cc1ccc(-c2c3ccsc3c(-c3ccc(CCCCC(C)CC)s3)c3cc(C)sc23)s1.c1ccsc1.CCCCCCCCC(CCCCCC)Cn1nc2cc(F)c(F)cc2n1.Cc1cccs1.C=C1C(=O)c2cc(F)c(F)cc2C1=C(C#N)C#N.CCCCC(CC)COc1ccsc1.c1ccsc1.CCCCCCc1ccc(-c2(-c3ccc(CCCCCC)cc3)cccc2)cc1.c1ccccc1.CCCCCCc1ccc(-c2(-c3ccc(CCCCCC)cc3)cccc2)cc1.c1ccsc1.CCCCC(CC)COc1ccsc1.C=C1C(=O)c2cc(F)c(F)cc2C1=C(C#N)C#N,7.92355587393101
CCCCC(CC)CSc1ccc(-c2c3cc(C)sc3c(-c3ccc(SCC(CC)CCCC)s3)c3ccsc23)s1.c1ccsc1.CCCCC(CC)Cc1sc(CC(CC)CCCC)c2c1C(=O)c1cscc1C2=O.Cc1cccs1.C=C1C(=O)c2ccccc2C1=C(C#N)C#N.c1cc2sccc2s1.CCCCCCSc1ccc(-c2(-c3ccc(SCCCCCC)cc3)cccc2)cc1.c1ccccc1.CCCCCCSc1ccc(-c2(-c3ccc(SCCCCCC)cc3)cccc2)cc1.c1cc2sccc2s1.C=C1C(=O)c2ccccc2C1=C(C#N)C#N,10.527639238782076
CCCCC(CC)CSc1ccc(-c2c3cc(C)sc3c(-c3ccc(SCC(CC)CCCC)s3)c3ccsc23)s1.c1ccsc1.CCCCC(CC)Cc1sc(CC(CC)CCCC)c2c1C(=O)c1cscc1C2=O.Cc1cccs1.C=C1C(=O)c2ccccc2C1=C(C#N)C#N.c1cc2sccc2s1.CCCCCCCCSc1ccc(-c2(-c3ccc(SCCCCCCCC)cc3)cccc2)cc1.c1ccccc1.CCCCCCCCSc1ccc(-c2(-c3ccc(SCCCCCCCC)cc3)cccc2)cc1.c1cc2sccc2s1.C=C1C(=O)c2ccccc2C1=C(C#N)C#N,10.435062181197912
CCCCC(CC)Cc1c(F)cc(-c2c3cc(C)sc3c(-c3cc(F)c(CC(CC)CCCC)c(F)c3)c3ccsc23)cc1F.c1ccsc1.CCCCCCCCN1C(=O)c2cc3nn(CCC(CC)CCCC)nc3cc2C1=O.Cc1cccs1.C=C1C(=O)c2cc(F)ccc2C1=C(C#N)C#N.c1cc2sccc2s1.CCCCCCc1ccc(-c2(-c3ccc(CCCCCC)cc3)cccc2)cc1.c1ccccc1.CCCCCCc1ccc(-c2(-c3ccc(CCCCCC)cc3)cccc2)cc1.c1cc2sccc2s1.C=C1C(=O)c2cc(F)ccc2C1=C(C#N)C#N,9.027256597473789
CCCCC(CC)Cc1ccc(-c2c3cc(C)sc3c(-c3ccc(CC(CC)CCCC)s3)c3ccsc23)s1.c1ccsc1.CCCCC(CC)Cc1sc(CC(CC)CCCC)c2c1C(=O)c1cscc1C2=O.Cc1cccs1.C=C1C(=O)c2ccc(C)cc2C1=C(C#N)C#N.c1cc2sccc2s1.CCCCCCc1ccc(-c2(-c3ccc(CCCCCC)cc3)cccc2)cc1.c1ccccc1.CCCCCCc1ccc(-c2(-c3ccc(CCCCCC)cc3)cccc2)cc1.c1cc2sccc2s1.C=C1C(=O)c2ccc(C)cc2C1=C(C#N)C#N,9.44370652335599
CCCCC(CC)Cc1ccc(-c2c3cc(C)sc3c(-c3ccc(CC(CC)CCCC)s3)c3ccsc23)s1.c1ccsc1.CCCCC(CC)Cc1sc(CC(CC)CCCC)c2c1C(=O)c1cscc1C2=O.Cc1cccs1.C=C1C(=O)c2ccc(C)cc2C1=C(C#N)C#N.c1cc2sccc2s1.CCCCCCc1ccc(-c2(-c3ccc(CCCCCC)cc3)cccc2)cc1.c1ccccc1.CCCCCCc1ccc(-c2(-c3ccc(CCCCCC)cc3)cccc2)cc1.c1cc2sccc2s1.C=C1C(=O)c2ccc(C)cc2C1=C(C#N)C#N,9.44370652335599
CCCCC(CC)Cc1ccc(-c2c3cc(C)sc3c(-c3ccc(CC(CC)CCCC)s3)c3ccsc23)s1.CCCCC(CC)COC(=O)c1sc2csc(C)c2c1F.C=C1C(=O)c2ccccc2C1=C(C#N)C#N.c1ccsc1.CCCCCCc1ccc(-c2(-c3ccc(CCCCCC)cc3)cccc2)cc1.c1cc[sH]c1.CCCCC(CC)COc1ccc(OCC(CC)CCCC)cc1.c1cc[sH]c1.CCCCCCc1ccc(-c2(-c3ccc(CCCCCC)cc3)cccc2)cc1.c1ccsc1.C=C1C(=O)c2ccccc2C1=C(C#N)C#N,Invalid SMILES
CCCCCCCCCCC(CCCCCCCC)Cc1ccsc1C.Fc1cc2nsnc2cc1F.CCCCCCCCC(C)CCCCCCCCCCc1ccsc1.c1ccsc1.Cc1cccs1.C=C1SC(=S)N(CC)C1=O.c1ccc2nsnc2c1.c1ccccc1.CCCCCCCCc1(CCCCCCCC)cccc1.c1ccccc1.c1ccc2nsnc2c1.C=C1SC(=S)N(CC)C1=O,4.821453686777597
CCC[Si](CCC)(CCC)c1ccc(-c2c3cc(C)sc3c(-c3ccc([Si](CCC)(CCC)CCC)s3)c3ccsc23)s1.c1ccsc1.CCCCCCCCC(CCCCCC)Cn1nc2cc(F)c(F)cc2n1.Cc1cccs1.C=C1C(=O)c2ccccc2C1=C(C#N)C#N.c1cc2sccc2s1.CCCCCCc1ccc(-c2(-c3ccc(CCCCCC)cc3)cccc2)cc1.c1ccccc1.CCCCCCc1ccc(-c2(-c3ccc(CCCCCC)cc3)cccc2)cc1.c1cc2sccc2s1.C=C1C(=O)c2ccccc2C1=C(C#N)C#N,9.553219435670751
Cc1cccs1.CCCCCCCCC(CCCCCC)COc1cnc2c(C)c(F)c(F)cc2n1.C=C1C(=O)c2ccccc2C1=C(C#N)C#N.c1ccsc1.CCCCCCc1(CCCCCC)cccc1.c1ccccc1.CCCCCCc1(CCCCCC)cccc1.c1ccsc1.C=C1C(=O)c2ccccc2C1=C(C#N)C#N,6.485227538712074
CCC[Si](CCC)(CCC)c1ccc(-c2c3cc(C)sc3c(-c3ccc([Si](CCC)(CCC)CCC)s3)c3ccsc23)s1.c1ccsc1.CCCCCCCCC(CCCCCC)Cn1nc2cc(F)c(F)cc2n1.Cc1cccs1.C=C1C(=O)c2cscc2C1=C(C#N)C#N.c1cc2sccc2s1.CCCCCCc1ccc(-c2(-c3ccc(CCCCCC)cc3)cccc2)cc1.c1ccccc1.CCCCCCc1ccc(-c2(-c3ccc(CCCCCC)cc3)cccc2)cc1.c1cc2sccc2s1.C=C1C(=O)c2cscc2C1=C(C#N)C#N,10.114685639830537
CCCCC(CC)CSc1cccc(-c2c3cc(C)sc3c(-c3cccc(SCC(CC)CCCC)c3)c3ccsc23)c1.c1ccsc1.CCCCC(CC)Cc1sc(CC(CC)CCCC)c2c1C(=O)c1cscc1C2=O.Cc1cccs1.C=C1C(=O)c2cscc2C1=C(C#N)C#N.c1cc2sccc2s1.CCCCCCc1ccc(-c2(-c3ccc(CCCCCC)cc3)cccc2)cc1.c1ccccc1.CCCCCCc1ccc(-c2(-c3ccc(CCCCCC)cc3)cccc2)cc1.c1cc2sccc2s1.C=C1C(=O)c2cscc2C1=C(C#N)C#N,9.622306341531614
CCCCC(CC)Cc1ccc(-c2c3cc(C)sc3c(-c3ccc(CC(CC)CCCC)s3)c3ccsc23)s1.CCCCC(CC)COC(=O)c1sc2csc(C)c2c1F.C=C1C(=O)c2cc(F)c(F)cc2C1=C(C#N)C#N.c1ccsc1.CCCCCCc1ccc(-c2(-c3ccc(CCCCCC)cc3)cccc2)cc1.c1cc2ccc3cccc4ccc(c1)c2c34.CCCCCCc1ccc(-c2(-c3ccc(CCCCCC)cc3)cccc2)cc1.c1ccsc1.C=C1C(=O)c2cc(F)c(F)cc2C1=C(C#N)C#N,9.962201363006459
CCC[Si](CCC)(CCC)c1sc(-c2c3cc(C)sc3c(-c3cc(Cl)c([Si](CCC)(CCC)CCC)s3)c3ccsc23)cc1Cl.c1ccsc1.CCCCCCCCC(CCCCCC)Cn1nc2cc(F)c(F)cc2n1.Cc1cccs1.C=C1C(=O)c2cc(F)c(F)cc2C1=C(C#N)C#N.c1cc2sccc2s1.CCCCCCc1ccc(-c2(-c3ccc(CCCCCC)cc3)cccc2)cc1.c1ccccc1.CCCCCCc1ccc(-c2(-c3ccc(CCCCCC)cc3)cccc2)cc1.c1cc2sccc2s1.C=C1C(=O)c2cc(F)c(F)cc2C1=C(C#N)C#N,11.301246223100762
CCCCC(CC)Cc1ccc(-c2c3cc(C)sc3c(-c3ccc(CC(CC)CCCC)s3)c3ccsc23)s1.c1ccsc1.CCCCCCCCc1sc(CCCCCCCC)c2c1C(=O)c1cscc1C2=O.Cc1cccs1.C=C1C(=O)c2ccccc2C1=C(C#N)C#N.c1cc2sccc2s1.CCCCCCc1ccc(-c2(-c3ccc(CCCCCC)cc3)cccc2)cc1.c1ccccc1.CCCCCCc1ccc(-c2(-c3ccc(CCCCCC)cc3)cccc2)cc1.c1cc2sccc2s1.C=C1C(=O)c2ccccc2C1=C(C#N)C#N,8.931245589138248
CCCCC(CC)Cc1ccc(-c2c3cc(C)sc3c(-c3ccc(CC(CC)CCCC)s3)c3ccsc23)s1.CCCCCCc1csc2ccsc12.CCCCCCCCc1sc(CCCCCCCC)c2c1C(=O)c1cscc1C2=O.CCCCCCc1c(C)sc2ccsc12.C=C1C(=O)c2ccccc2C1=C(C#N)C#N.c1cc2sccc2s1.CCCCCCc1ccc(-c2(-c3ccc(CCCCCC)cc3)cccc2)cc1.c1ccccc1.CCCCCCc1ccc(-c2(-c3ccc(CCCCCC)cc3)cccc2)cc1.c1cc2sccc2s1.C=C1C(=O)c2ccccc2C1=C(C#N)C#N,9.659757297713709
CCCCC(CC)CSc1sc(-c2c3cc(C)sc3c(-c3sc(SCC(CC)CCCC)c4c3OCCO4)c3ccsc23)c2c1OCCO2.CCCCC(CC)COC(=O)c1sc2csc(C)c2c1F.C=C1C(=O)c2ccccc2C1=C(C#N)C#N.c1cc2sccc2s1.CCCCCCc1ccc(-c2(-c3ccc(CCCCCC)s3)cccc2)s1.c1ccccc1.CCCCCCc1ccc(-c2(-c3ccc(CCCCCC)s3)cccc2)s1.c1cc2sccc2s1.C=C1C(=O)c2ccccc2C1=C(C#N)C#N,9.366507266960667
CCCCCCCCC(CCCCCC)COc1ccc(-c2c3cc(C)sc3c(-c3ccc(OCC(CCCCCC)CCCCCCCC)cc3)c3ccsc23)cc1.c1ccsc1.CCCCC(CC)Cc1sc(CC(CC)CCCC)c2c1C(=O)c1cscc1C2=O.Cc1cccs1.C=C1C(=O)c2cc(F)c(F)cc2C1=C(C#N)C#N.c1cc2sccc2s1.CCCCCCc1ccc(-c2(-c3ccc(CCCCCC)cc3)cccc2)cc1.c1ccccc1.CCCCCCc1ccc(-c2(-c3ccc(CCCCCC)cc3)cccc2)cc1.c1cc2sccc2s1.C=C1C(=O)c2cc(F)c(F)cc2C1=C(C#N)C#N,9.527327498247939
CCCCCCCCC(CCCCCC)COc1c(F)cc(-c2c3cc(C)sc3c(-c3cc(F)c(OCC(CCCCCC)CCCCCCCC)c(F)c3)c3ccsc23)cc1F.c1ccsc1.CCCCC(CC)Cc1sc(CC(CC)CCCC)c2c1C(=O)c1cscc1C2=O.Cc1cccs1.C=C1C(=O)c2cc(F)c(F)cc2C1=C(C#N)C#N.c1cc2sccc2s1.CCCCCCc1ccc(-c2(-c3ccc(CCCCCC)cc3)cccc2)cc1.c1ccccc1.CCCCCCc1ccc(-c2(-c3ccc(CCCCCC)cc3)cccc2)cc1.c1cc2sccc2s1.C=C1C(=O)c2cc(F)c(F)cc2C1=C(C#N)C#N,10.321916543555961
CCC[Si](CCC)(CCC)c1ccc(-c2c3cc(C)sc3c(-c3ccc([Si](CCC)(CCC)CCC)s3)c3ccsc23)s1.C1CCSC1.CCCCC(CC)CC1SC(CC(CC)CCCC)C2C(=O)c3cscc3C(=O)C12.Cc1cccs1.C=C1C(=O)c2cc(F)ccc2C1=C(C#N)C#N.c1cc2sccc2s1.CCCCCCc1ccc(-c2(-c3ccc(CCCCCC)s3)cccc2)s1.c1ccccc1.CCCCCCc1ccc(-c2(-c3ccc(CCCCCC)s3)cccc2)s1.c1cc2sccc2s1.C=C1C(=O)c2cc(F)ccc2C1=C(C#N)C#N,11.525939102967431
CCC[Si](CCC)(CCC)c1ccc(-c2c3cc(C)sc3c(-c3ccc([Si](CCC)(CCC)CCC)s3)c3ccsc23)s1.c1ccsc1.CCCCCCCCC(CCCCCC)Cn1nc2cc(F)c(F)cc2n1.Cc1cccs1.C=C1C(=O)c2cc(C)c(C)cc2C1=C(C#N)C#N.c1cc2sccc2s1.CCCCCCc1ccc(-c2(-c3ccc(CCCCCC)cc3)cccc2)cc1.c1ccccc1.CCCCCCc1ccc(-c2(-c3ccc(CCCCCC)cc3)cccc2)cc1.c1cc2sccc2s1.C=C1C(=O)c2cc(C)c(C)cc2C1=C(C#N)C#N,10.175245782542353
CCCCC(CC)Cc1sc(-c2c3cc(C)sc3c(-c3cc(F)c(CC(CC)CCCC)s3)c3ccsc23)cc1F.CCCCCCC(CCCC)COC(=O)c1ccsc1.c1cc2sccc2s1.CCCCCCC(CCCC)COC(=O)c1csc(C)c1.C=C1C(=O)c2ccccc2C1=C(C#N)C#N.c1cc2sccc2s1.CCCCCCc1cccc(-c2(-c3cccc(CCCCCC)c3)cccc2)c1.c1ccccc1.CCCCCCc1cccc(-c2(-c3cccc(CCCCCC)c3)cccc2)c1.c1cc2sccc2s1.C=C1C(=O)c2ccccc2C1=C(C#N)C#N,8.387400201431374
CCCCC(CC)Cc1ccc(-c2c3cc(C)sc3c(-c3ccc(CC(CC)CCCC)s3)c3ccsc23)s1.CCCCC(CC)COC(=O)c1sc2csc(C)c2c1F.C=C1C(=O)c2cc(F)c(F)cc2C1=C(C#N)C#N.CCCCC(CC)CSc1ccsc1.c1ccsc1.CCCCCCc1ccc(-c2(-c3ccc(CCCCCC)cc3)cccc2)cc1.c1ccccc1.CCCCCCc1ccc(-c2(-c3ccc(CCCCCC)cc3)cccc2)cc1.c1ccsc1.CCCCC(CC)CSc1ccsc1.C=C1C(=O)c2cc(F)c(F)cc2C1=C(C#N)C#N,9.80517364068712
Cc1cccs1.CCC(C)CCCCn1nc2cc(F)c(F)cc2n1.c1ccsc1.CCCCCCCCC(CCCCCC)COC(=O)c1ccsc1.c1ccsc1.CCCCCCCCC(CCCCCC)COC(=O)c1csc(C)c1.C=C1C(=O)c2ccccc2C1=C(C#N)C#N.c1cc2sccc2s1.CCCCCCc1ccc(-c2(-c3ccc(CCCCCC)s3)cccc2)s1.c1ccccc1.CCCCCCc1ccc(-c2(-c3ccc(CCCCCC)s3)cccc2)s1.c1cc2sccc2s1.C=C1C(=O)c2ccccc2C1=C(C#N)C#N,6.890387981737421
CCCCC(CC)Cc1ccc(-c2c3cc(C)sc3c(-c3ccc(CC(CC)CCCC)s3)c3ccsc23)s1.CCCCC(CC)COC(=O)c1sc2csc(C)c2c1F.C=C1C(=O)c2cc(F)c(F)cc2C1=C(C#N)C#N.c1ccsc1.CCCCCCCC[si]1(CCCCCCCC)cccc1.c1cc2sccc2s1.CCCCCCCC[si]1(CCCCCCCC)cccc1.c1ccsc1.C=C1C(=O)c2cc(F)c(F)cc2C1=C(C#N)C#N,11.166669453245932
CCCCCCC(CCCC)Cc1ccc(Cc2c3cc(C)sc3c(Cc3ccc(CC(CCCC)CCCCCC)cc3)c3ccsc23)cc1.c1ccsc1.CCCCC(CC)Cc1sc(CC(CC)CCCC)c2c1C(=O)c1cscc1C2=O.Cc1cccs1.C=C1C(=O)c2cscc2C1=C(C#N)C#N.c1cc2sccc2s1.CCCCCCc1ccc(-c2(-c3ccc(CCCCCC)cc3)cccc2)cc1.c1ccccc1.CCCCCCc1ccc(-c2(-c3ccc(CCCCCC)cc3)cccc2)cc1.c1cc2sccc2s1.C=C1C(=O)c2cscc2C1=C(C#N)C#N,8.643486991369997
CCCCCCc1ccsc1C.CCCCCCc1ccsc1.CCCCCCc1ccsc1.CCCCCCc1csc(C)c1.C=c1sc(=C(C#N)C#N)n(CC)c1=O.c1ccc2nsnc2c1.c1ccsc1.CCCCCCc1ccc(-c2(-c3ccc(CCCCCC)cc3)cccc2)cc1.c1ccccc1.CCCCCCc1ccc(-c2(-c3ccc(CCCCCC)cc3)cccc2)cc1.c1ccsc1.c1ccc2nsnc2c1.C=c1sc(=C(C#N)C#N)n(CC)c1=O,4.763752692967856
CCCCCCc1ccsc1C.CCCCCCc1ccsc1.CCCCCCc1ccsc1.CCCCCCc1csc(C)c1.C=C1SC(=S)N(CC)C1=O.CCCCCCn1nc2ccccc2n1.c1ccccc1.c1ccc2c(c1)-c1ccccc1-c-21cccc1.c1ccccc1.CCCCCCn1nc2ccccc2n1.C=C1SC(=S)N(CC)C1=O,2.273793628912242
CCCCC(CC)Cc1ccc(-c2c3cc(C)sc3c(-c3ccc(CC(CC)CCCC)s3)c3ccsc23)s1.c1ccsc1.CCCCC(CC)Cc1sc(CC(CC)CCCC)c2c1C(=O)c1cscc1C2=O.Cc1cccs1.C=C1C(=O)c2cc(F)ccc2C1=C(C#N)C#N.c1ccsc1.CCCCCCCCc1(CCCCCCCC)cccc1.c1ccccc1.CCCCCCCCc1(CCCCCCCC)cccc1.c1ccccc1.CCCCCCCCc1(CCCCCCCC)cccc1.c1ccsc1.C=C1C(=O)c2cc(F)ccc2C1=C(C#N)C#N,8.340040341961785
CCCCC(CC)Cc1ccc(-c2c3cc(C)sc3c(-c3ccc(CC(CC)CCCC)s3)c3ccsc23)s1.c1ccsc1.CCCCC(CC)Cc1sc(CC(CC)CCCC)c2c1C(=O)c1cscc1C2=O.Cc1cccs1.C=C1C(=O)c2ccccc2C1=C(C#N)C#N.c1ccsc1.CCCCC(CC)Cc1(CC(CC)CCCC)cccc1.c1ccsc1.Fc1ccc(F)cc1.c1ccsc1.CCCCC(CC)Cc1(CCCCC(C)CC)cccc1.c1ccsc1.C=C1C(=O)c2ccccc2C1=C(C#N)C#N,8.47149213045218
Cc1cccs1.CCCCCCCCC(CCCCCC)COc1cnc2c(C)c(F)c(F)cc2n1.C=C1C(=O)c2ccccc2C1=C(C#N)C#N.c1ccsc1.CCCCCCc1(CCCCCC)cccc1.c1ccccc1.CCCCCCc1(CCCCCC)cccc1.c1ccsc1.C=C1C(=O)c2ccccc2C1=C(C#N)C#N,6.485227538712074
CCCCCCc1ccsc1C.CCCCCCc1ccsc1.CCCCCCc1ccsc1.CCCCCCc1csc(C)c1.C=C1SC(=S)N(CC)C1=O.CCCCCCn1nc2ccccc2n1.c1ccsc1.CCCCCCc1ccc(-c2(-c3ccc(CCCCCC)cc3)cccc2)cc1.c1ccccc1.CCCCCCc1(CCCCCC)cccc1.c1ccccc1.CCCCCCc1ccc(-c2(-c3ccc(CCCCCC)cc3)cccc2)cc1.c1ccsc1.CCCCCCn1nc2ccccc2n1.C=C1SC(=S)N(CC)C1=O,3.377752684868935
CCCCCCCCCCC(CCCCCCCC)Cc1ccc(-c2c3cc(C)sc3c(-c3ccc(SCC(CCCC)CCCCCC)cc3)c3ccsc23)cc1.c1ccsc1.CCCCC(CC)Cc1sc(CC(CC)CCCC)c2c1C(=O)c1cscc1C2=O.Cc1cccs1.C=C1C(=O)c2cc(F)ccc2C1=C(C#N)C#N.c1ccsc1.CCCCCCc1ccc(-c2(-c3ccc(CCCCCC)cc3)cccc2)cc1.c1ccccc1.CCCCCCc1ccc(-c2(-c3ccc(CCCCCC)cc3)cccc2)cc1.c1ccsc1.C=C1C(=O)c2cc(F)ccc2C1=C(C#N)C#N,8.465631005638551
CCCCC(CC)Cc1ccc(-c2c3cc(C)sc3c(-c3ccc(CC(CC)CCCC)s3)c3ccsc23)s1.c1ccsc1.CCCCC(CC)Cc1sc(CC(CC)CCCC)c2c1C(=O)c1cscc1C2=O.Cc1cccs1.C=c1sc(=C(C#N)C#N)n(CC)c1=O.c1ccc2nsnc2c1.c1cc2sccc2s1.CCCCCCc1ccc(-c2(-c3ccc(CCCCCC)cc3)cccc2)cc1.c1ccccc1.CCCCCCc1ccc(-c2(-c3ccc(CCCCCC)cc3)cccc2)cc1.c1cc2sccc2s1.c1ccc2nsnc2c1.C=c1sc(=C(C#N)C#N)n(CC)c1=O,7.669832845377977
CCCCC(CC)Cc1ccc(-c2c3cc(C)sc3c(-c3ccc(CC(CC)CCCC)s3)c3ccsc23)s1.c1ccsc1.CCCCC(CC)Cc1sc(CC(CC)CCCC)c2c1C(=O)c1cscc1C2=O.Cc1cccs1.C=c1sc(=C(C#N)C#N)n(CCCCCC)c1=O.c1ccc2nsnc2c1.c1cc2sccc2s1.CCCCCCc1ccc(-c2(-c3ccc(CCCCCC)cc3)cccc2)cc1.c1ccccc1.CCCCCCc1ccc(-c2(-c3ccc(CCCCCC)cc3)cccc2)cc1.c1cc2sccc2s1.c1ccc2nsnc2c1.C=c1sc(=C(C#N)C#N)n(CCCCCC)c1=O,7.640365387966408
CCCCCCCCC(CCCCCC)Cc1ccc(-c2c3cc(C)sc3c(-c3ccc(CC(CCCCCC)CCCCCCCC)s3)c3ccsc23)s1.c1ccsc1.CCCCC(CC)Cc1sc(CC(CC)CCCC)c2c1C(=O)c1cscc1C2=O.Cc1cccs1.C=C1C(=O)c2ccc(C)cc2C1=C(C#N)C#N.c1cc2sccc2s1.CCCCCCc1ccc(-c2(-c3ccc(CCCCCC)cc3)cccc2)cc1.c1ccccc1.CCCCCCc1ccc(-c2(-c3ccc(CCCCCC)cc3)cccc2)cc1.c1cc2sccc2s1.C=C1C(=O)c2ccc(C)cc2C1=C(C#N)C#N,9.317404775893774
CCCCC(CC)Cc1ccc(-c2c3cc(C)sc3c(-c3ccc(CC(CC)CCCC)s3)c3ccsc23)s1.CCCCC(CC)COC(=O)c1sc2csc(C)c2c1F.C=C1SC(=S)N(CC)C1=O.c1ccc2nsnc2c1.c1ccsc1.CCCCCCc1ccc(-c2(-c3ccc(CCCCCC)cc3)cccc2)cc1.c1ccccc1.CCCCCCc1ccc(-c2(-c3ccc(CCCCCC)cc3)cccc2)cc1.c1ccsc1.c1ccc2nsnc2c1.C=C1SC(=S)N(CC)C1=O,6.168522014844686
CCCCC(CC)Cc1ccc(-c2c3cc(C)sc3c(-c3ccc(CC(CC)CCCC)s3)c3ccsc23)s1.CCCCC(CC)COC(=O)c1sc2csc(C)c2c1F.C=C1SC(=S)N(CC(F)(F)F)C1=O.c1ccc2nsnc2c1.c1ccsc1.CCCCCCc1ccc(-c2(-c3ccc(CCCCCC)cc3)cccc2)cc1.c1ccccc1.CCCCCCc1ccc(-c2(-c3ccc(CCCCCC)cc3)cccc2)cc1.c1ccsc1.c1ccc2nsnc2c1.C=C1SC(=S)N(CC(F)(F)F)C1=O,9.748364640216419
CCCCC(CC)Cc1ccc(-c2c3cc(C)sc3c(-c3ccc(CC(CC)CCCC)s3)c3ccsc23)s1.CCCCC(CC)COC(=O)c1sc2csc(C)c2c1F.C=C1SC(=S)N(COC)C1=O.c1ccc2nsnc2c1.c1ccsc1.CCCCCCc1ccc(-c2(-c3ccc(CCCCCC)cc3)cccc2)cc1.c1ccccc1.CCCCCCc1ccc(-c2(-c3ccc(CCCCCC)cc3)cccc2)cc1.c1ccsc1.c1ccc2nsnc2c1.C=C1SC(=S)N(COC)C1=O,5.912989681127058
CCCCC(CC)Cc1ccc(-c2c3cc(C)sc3c(-c3ccc(CC(CC)CCCC)s3)c3ccsc23)s1.CCCCC(CC)COC(=O)c1sc2csc(C)c2c1F.C=C1SC(=S)N(N2CCCCC2)C1=O.c1ccc2nsnc2c1.c1ccsc1.CCCCCCc1ccc(-c2(-c3ccc(CCCCCC)cc3)cccc2)cc1.c1ccccc1.CCCCCCc1ccc(-c2(-c3ccc(CCCCCC)cc3)cccc2)cc1.c1ccsc1.c1ccc2nsnc2c1.C=C1SC(=S)N(N2CCCCC2)C1=O,4.761834543932535
CCCCC(CC)Cc1ccc(-c2c3cc(C)sc3c(-c3ccc(CC(CC)CCCC)s3)c3ccsc23)s1.c1ccsc1.CCCCC(CC)Cc1sc(CC(CC)CCCC)c2c1C(=O)c1cscc1C2=O.Cc1cccs1.C=C1C(=O)c2ccccc2C1=C(C#N)C#N.c1ccsc1.CCCCCCOc1ccc(-c2(-c3ccc(OCCCCCC)cc3)cccc2)cc1.c1ccccc1.CCCCCCOc1ccc(-c2(-c3ccc(OCCCCCC)cc3)cccc2)cc1.c1ccsc1.C=C1C(=O)c2ccccc2C1=C(C#N)C#N,7.0199969244739115
CCCCC(CC)Cc1ccc(-c2c3cc(C)sc3c(-c3ccc(CC(CC)CCCC)s3)c3ccsc23)s1.CCCCC(CC)COC(=O)c1sc2csc(C)c2c1F.C=C1C(=O)c2cc(F)ccc2C1=C(C#N)C#N.c1ccsc1.CCCCCCc1ccc(-c2(-c3ccc(CCCCCC)cc3)cccc2)cc1.CCCCC(CC)COc1c2ccsc2c(OCC(CC)CCCC)c2ccsc12.CCCCCCc1ccc(-c2(-c3ccc(CCCCCC)cc3)cccc2)cc1.c1ccsc1.C=C1C(=O)c2cc(F)ccc2C1=C(C#N)C#N,9.154886365936076
CCCCC(CC)CSc1ccc(-c2c3cc(C)sc3c(-c3ccc(SCC(CC)CCCC)s3)c3ccsc23)s1.c1ccsc1.CCCCCCC(CCCC)CSc1sc(SCC(CCCC)CCCCCC)c2c1C(=O)c1cscc1C2=O.Cc1cccs1.C=C1C(=O)c2cscc2C1=C(C#N)C#N.c1ccsc1.CCCCCCc1ccc(-c2(-c3ccc(CCCCCC)cc3)cccc2)cc1.c1ccccc1.CCCCCCc1ccc(-c2(-c3ccc(CCCCCC)cc3)cccc2)cc1.c1ccsc1.C=C1C(=O)c2cscc2C1=C(C#N)C#N,9.636646713659433
CCCCC(CC)Cc1ccc(-c2c3cc(C)sc3c(-c3ccc(CC(CC)CCCC)s3)c3ccsc23)s1.c1ccsc1.CCCCC(CC)Cc1sc(CC(CC)CCCC)c2c1C(=O)c1cscc1C2=O.Cc1cccs1.C=C1C(=O)c2ccccc2C1=C(C#N)C#N.c1ccsc1.c1ccsc1.CCCCCCc1ccc(-c2(-c3ccc(CCCCCC)cc3)cccc2)cc1.c1ccccc1.CCCCCCc1ccc(-c2(-c3ccc(CCCCCC)cc3)cccc2)cc1.c1ccsc1.c1ccsc1.C=C1C(=O)c2ccccc2C1=C(C#N)C#N,6.707151829267807
CCCCC(CC)Cc1ccc(-c2c3ccsc3c(-c3ccc(CCCCC(C)CC)s3)c3cc(C)sc23)s1.c1ccsc1.CCCCCCCCC(CCCCCC)Cn1nc2cc(F)c(F)cc2n1.Cc1cccs1.C=C1C(=O)c2ccccc2C1=C(C#N)C#N.c1cc2sccc2s1.CCCCCCc1ccc(-c2(-c3ccc(CCCCCC)cc3)cccc2)cc1.c1ccccc1.CCCCCCc1ccc(-c2(-c3ccc(CCCCCC)cc3)cccc2)cc1.c1cc2sccc2s1.C=C1C(=O)c2ccccc2C1=C(C#N)C#N,8.037548178532282
CCCCC(CC)Cc1ccc(-c2c3cc(C)sc3c(-c3ccc(CC(CC)CCCC)s3)c3ccsc23)s1.c1ccsc1.CCCCC(CC)Cc1sc(CC(CC)CCCC)c2c1C(=O)c1cscc1C2=O.Cc1cccs1.C=C1C(=O)c2cc(F)c(F)cc2C1=C(C#N)C#N.c1ccsc1.CCCCCCOc1ccsc1.CCCCCCc1ccc(-c2(-c3ccc(CCCCCC)cc3)cccc2)cc1.c1ccccc1.CCCCCCc1ccc(-c2(-c3ccc(CCCCCC)cc3)cccc2)cc1.CCCCCCOc1ccsc1.c1ccsc1.C=C1C(=O)c2cc(F)c(F)cc2C1=C(C#N)C#N,8.831631296659468
CCCCC(CC)Cc1ccc(-c2c3cc(C)sc3c(-c3ccc(CC(CC)CCCC)s3)c3ccsc23)s1.c1ccsc1.CCCCC(CC)Cc1sc(CC(CC)CCCC)c2c1C(=O)c1cscc1C2=O.Cc1cccs1.C=C1C(=O)c2ccccc2C1=C(C#N)C#N.c1cc2sccc2s1.CCCCCCc1ccc(-c2(-c3ccc(CCCCCC)cc3)cccc2)cc1.c1ccccc1.CCCCCCc1ccc(-c2(-c3ccc(CCCCCC)cc3)cccc2)cc1.c1cc2sccc2s1.C=C1C(=O)c2ccccc2C1=C(C#N)C#N,8.948323711868502
CCCCC(CC)Cc1sc(-c2c3cc(C)sc3c(-c3cc(F)c(CC(CC)CCCC)s3)c3ccsc23)cc1F.c1ccsc1.CCCCC(CC)Cc1sc(CC(CC)CCCC)c2c1C(=O)c1cscc1C2=O.Cc1cccs1.C=C1C(=O)c2ccc(C)cc2C1=C(C#N)C#N.c1cc2sccc2s1.CCCCCCc1ccc(-c2(-c3ccc(CCCCCC)cc3)cccc2)cc1.c1ccccc1.CCCCCCc1ccc(-c2(-c3ccc(CCCCCC)cc3)cccc2)cc1.c1cc2sccc2s1.C=C1C(=O)c2ccc(C)cc2C1=C(C#N)C#N,9.92764747522602
CCCCC(CC)Cc1sc(-c2c3cc(C)sc3c(-c3cc(F)c(CC(CC)CCCC)s3)c3ccsc23)cc1F.c1ccsc1.CCCCC(CC)Cc1sc(CC(CC)CCCC)c2c1C(=O)c1cscc1C2=O.Cc1cccs1.C=C1C(=O)c2cc(F)c(F)cc2C1=C(C#N)C#N.c1ccsc1.CCCCC(CC)Cc1(CCCCC(C)CC)cccc1.c1ccsc1.Fc1ccc(F)cc1.c1ccsc1.CCCCC(CC)Cc1(CC(CC)CCCC)cccc1.c1ccsc1.C=C1C(=O)c2cc(F)c(F)cc2C1=C(C#N)C#N,10.560428146218376
CCCCC(CC)Cc1sc(-c2c3cc(C)sc3c(-c3cc(F)c(CC(CC)CCCC)s3)c3ccsc23)cc1F.c1ccsc1.CCCCC(CC)Cc1sc(CC(CC)CCCC)c2c1C(=O)c1cscc1C2=O.Cc1cccs1.C=C1C(=O)c2cc(F)c(F)cc2C1=C(C#N)C#N.c1ccsc1.CCCCC(CC)Cc1(CCCCC(C)CC)cccc1.c1ccsc1.COc1cc(F)c(OC)cc1F.c1ccsc1.CCCCC(CC)Cc1(CC(CC)CCCC)cccc1.c1ccsc1.C=C1C(=O)c2cc(F)c(F)cc2C1=C(C#N)C#N,10.349341379078547
CCCCC(CC)Cc1ccc(-c2c3cc(C)sc3c(-c3ccc(CC(CC)CCCC)s3)c3ccsc23)s1.c1ccsc1.CCCCC(CC)Cc1sc(CC(CC)CCCC)c2c1C(=O)c1cscc1C2=O.Cc1cccs1.C=C1C(=O)c2cc3ccccc3cc2C1=C(C#N)C#N.CCCCC(CC)Cc1ccsc1.c1ccsc1.CCCCCCc1(CCCCCC)cccc1.c1ccccc1.CCCCCCc1(CCCCCC)cccc1.c1ccsc1.CCCCC(CC)Cc1ccsc1.C=C1C(=O)c2cc3ccccc3cc2C1=C(C#N)C#N,7.63611439777627
CCCCC(CC)CSc1ccc(-c2c3cc(C)sc3c(-c3ccc(SCC(CC)CCCC)s3)c3ccsc23)s1.c1ccsc1.CCCCCCCCCN1C(=O)c2cc3nn(CCCCCCCC)nc3cc2C1=O.Cc1cccs1.C=C1C(=O)c2ccccc2C1=C(C#N)C#N.c1cc2sccc2s1.CCCCCCc1ccc(-c2(-c3ccc(CCCCCC)cc3)cccc2)cc1.c1ccccc1.CCCCCCc1ccc(-c2(-c3ccc(CCCCCC)cc3)cccc2)cc1.c1cc2sccc2s1.C=C1C(=O)c2ccccc2C1=C(C#N)C#N,7.479357841804672
CCCCC(CC)Cc1ccc(-c2c3cc(C)sc3c(-c3ccc(CC(CC)CCCC)s3)c3ccsc23)s1.c1ccsc1.CCCCC(CC)Cc1sc(CC(CC)CCCC)c2c1C(=O)c1cscc1C2=O.Cc1cccs1.C=C1C(=O)c2ccccc2C1=C(C#N)C#N.c1ccsc1.CCCCCCC(CCCCCC)[nH2]1cccc1.c1cc2sccc2s1.CCCCCCC(CCCCCC)[nH2]1cccc1.c1ccsc1.C=C1C(=O)c2ccccc2C1=C(C#N)C#N,Invalid SMILES
CCCCC(CC)Cc1ccc(-c2c3cc(C)sc3c(-c3ccc(CC(CC)CCCC)s3)c3ccsc23)s1.c1ccsc1.CCCCC(CC)Cc1sc(CC(CC)CCCC)c2c1C(=O)c1cscc1C2=O.Cc1cccs1.C=C1C(=O)c2cc(F)c(F)cc2C1=C(C#N)C#N.c1ccsc1.CCCCCCC(CCCCCC)[nH2]1cccc1.c1cc2sccc2s1.CCCCCCC(CCCCCC)[nH2]1cccc1.c1ccsc1.C=C1C(=O)c2cc(F)c(F)cc2C1=C(C#N)C#N,Invalid SMILES
CCCCC(CC)Cc1sc(-c2c3cc(C)sc3c(-c3cc(F)c(CC(CC)CCCC)s3)c3ccsc23)cc1F.c1ccsc1.CCCCC(CC)Cc1sc(CC(CC)CCCC)c2c1C(=O)c1cscc1C2=O.Cc1cccs1.C=C1C(=O)c2cc(F)c(F)cc2C1=C(C#N)C#N.c1cc2sccc2s1.CCCCCCc1ccc(-c2(-c3ccc(CCCCCC)cc3)cccc2)cc1.c1ccccc1.CCCCCCc1ccc(-c2(-c3ccc(CCCCCC)cc3)cccc2)cc1.c1cc2sccc2s1.C=C1C(=O)c2cc(F)c(F)cc2C1=C(C#N)C#N,10.747302707281703
CCCCCCC(CCCC)CSc1c2cc(C)sc2c(SCC(CCCC)CCCCCC)c2ccsc12.c1ccsc1.CCCCCCC(CCCC)CSn1nc2cc(F)c(F)cc2n1.Cc1cccs1.C=C1C(=O)c2cc(F)c(F)cc2C1=C(C#N)C#N.c1cc2sccc2s1.CCCCCCc1ccc(-c2(-c3ccc(CCCCCC)cc3)cccc2)cc1.c1ccccc1.CCCCCCc1ccc(-c2(-c3ccc(CCCCCC)cc3)cccc2)cc1.c1cc2sccc2s1.C=C1C(=O)c2cc(F)c(F)cc2C1=C(C#N)C#N,10.264506234853574
CCC[Si](CCC)(CCC)c1ccc(-c2c3cc(C)sc3c(-c3ccc([Si](CCC)(CCC)CCC)s3)c3ccsc23)s1.CCCCCCCCCCCCSc1ccsc1.CCCCCCCCC(CCCCCC)CN1C(=O)c2cscc2C1=O.CCCCCCCCCCCCSc1csc(C)c1.C=C1C(=O)c2ccccc2C1=C(C#N)C#N.c1cc2sccc2s1.CCCCCCc1cccc(-c2(-c3cccc(CCCCCC)c3)cccc2)c1.c1ccccc1.CCCCCCc1cccc(-c2(-c3cccc(CCCCCC)c3)cccc2)c1.c1cc2sccc2s1.C=C1C(=O)c2ccccc2C1=C(C#N)C#N,9.557583718518115
CCC[Si](CCC)(CCC)c1ccc(-c2c3cc(C)sc3c(-c3ccc([Si](CCC)(CCC)CCC)s3)c3ccsc23)s1.c1ccsc1.CCCCC(CC)Cc1sc(CC(CC)CCCC)c2c1C(=O)c1cscc1C2=O.Cc1cccs1.C=C1C(=O)c2ccccc2C1=C(C#N)C#N.c1ccsc1.CCCCCCc1(CCCCCC)cccc1.c1ccccc1.CCCCCCc1(CCCCCC)cccc1.c1ccsc1.C=C1C(=O)c2ccccc2C1=C(C#N)C#N,9.725500952166787
CCCCC(CC)Cc1ccc(-c2c3cc(C)sc3c(-c3ccc(CC(CC)CCCC)s3)c3ccsc23)s1.CCCCC(CC)COC(=O)c1sc2csc(C)c2c1F.C=C1C(=O)c2ccccc2C1=C(C#N)C#N.c1cc2sccc2s1.CCCCCCc1ccc(-c2(-c3ccc(CCCCCC)cc3)cccc2)cc1.c1ccccc1.CCCCCCc1ccc(-c2(-c3ccc(CCCCCC)cc3)cccc2)cc1.c1cc2sccc2s1.C=C1C(=O)c2ccccc2C1=C(C#N)C#N,8.985634869010987
CCCCC(CC)Cc1ccc(-c2c3cc(C)sc3c(-c3ccc(CC(CC)CCCC)s3)c3ccsc23)s1.c1ccsc1.CCCCC(CC)Cc1sc(CC(CC)CCCC)c2c1C(=O)c1cscc1C2=O.Cc1cccs1.C=C1C(=O)c2cc(F)c(F)cc2C1=C(C#N)C#N.c1ccsc1.CCCCCCc1ccc(-c2(-c3ccc(CCCCCC)cc3)cccc2)cc1.c1cc[sH]c1.c1ccccc1.c1cc[sH]c1.CCCCCCc1ccc(-c2(-c3ccc(CCCCCC)cc3)cccc2)cc1.c1ccsc1.C=C1C(=O)c2cc(F)c(F)cc2C1=C(C#N)C#N,Invalid SMILES
CCCCC(CC)Cc1ccc(-c2c3cc(C)sc3c(-c3ccc(CC(CC)CCCC)s3)c3ccsc23)s1.c1ccsc1.CCCCC(CC)Cc1sc(CC(CC)CCCC)c2c1C(=O)c1cscc1C2=O.Cc1cccs1.C=C1C(=O)c2ccc(C)cc2C1=C(C#N)C#N.c1ccsc1.CCCCCCc1ccc(-c2(-c3ccc(CCCCCC)cc3)cccc2)cc1.c1cc[sH]c1.CCCCC(CC)Cc1ccc(-c2ccc(-c3ccc(CC(CC)CCCC)s3)cc2)s1.c1cc[sH]c1.CCCCCCc1ccc(-c2(-c3ccc(CCCCCC)cc3)cccc2)cc1.c1ccsc1.C=C1C(=O)c2ccc(C)cc2C1=C(C#N)C#N,Invalid SMILES
CCCCCCC(CCCC)CSc1c2cc(C)sc2c(SCC(CCCC)CCCCCC)c2ccsc12.c1ccsc1.CCCCCCC(CCCC)CSn1nc2cc(F)c(F)cc2n1.Cc1cccs1.C=C1C(=O)c2ccccc2C1=C(C#N)C#N.c1cc2sccc2s1.CCCCCCc1ccc(-c2(-c3ccc(CCCCCC)cc3)cccc2)cc1.c1ccccc1.CCCCCCc1ccc(-c2(-c3ccc(CCCCCC)cc3)cccc2)cc1.c1cc2sccc2s1.C=C1C(=O)c2ccccc2C1=C(C#N)C#N,8.744968423237856
CCCCCCC(CS)CCCCc1c2cc(C)sc2c(SCC(CCCC)CCCCCC)c2ccsc12.c1ccsc1.CCCCCCC(CCCC)CSn1nc2ccccc2n1.Cc1cccs1.C=C1C(=O)c2ccccc2C1=C(C#N)C#N.c1cc2sccc2s1.CCCCCCc1ccc(-c2(-c3ccc(CCCCCC)cc3)cccc2)cc1.c1ccccc1.CCCCCCc1ccc(-c2(-c3ccc(CCCCCC)cc3)cccc2)cc1.c1cc2sccc2s1.C=C1C(=O)c2ccccc2C1=C(C#N)C#N,7.293399404671028
CCCCC(CC)Cc1ccc(-c2c3cc(C)sc3c(-c3ccc(CC(CC)CCCC)s3)c3ccsc23)s1.CCCCC(CC)COC(=O)c1sc2csc(C)c2c1F.C=C1SC(=S)N(CC)C1=O.CCCCCCCCn1nc2ccccc2n1.c1ccsc1.CCCCCCc1ccc(-c2(-c3ccc(CCCCCC)cc3)cccc2)cc1.c1ccccc1.CCCCCCc1ccc(-c2(-c3ccc(CCCCCC)cc3)cccc2)cc1.c1ccsc1.CCCCCCCCn1nc2ccccc2n1.C=C1SC(=S)N(CC)C1=O,5.089666785630321
CCCCC(CC)Cc1ccc(-c2c3cc(C)sc3c(-c3ccc(CC(CC)CCCC)s3)c3ccsc23)s1.c1ccsc1.CCCCC(CC)Cc1sc(CC(CC)CCCC)c2c1C(=O)c1cscc1C2=O.Cc1cccs1.C=C1C(=O)c2ccccc2C1=C(C#N)C#N.c1cc2sccc2s1.CCCCCCc1ccc(-c2(-c3ccc(CCCCCC)cc3)cccc2)cc1.c1ccccc1.CCCCCCc1ccc(-c2(-c3ccc(CCCCCC)cc3)cccc2)cc1.c1cc2sccc2s1.C=C1C(=O)c2ccccc2C1=C(C#N)C#N,8.948323711868502
CCCCC(CC)Cc1ccc(-c2c3cc(C)sc3c(-c3ccc(CC(CC)CCCC)s3)c3ccsc23)s1.c1ccsc1.CCCCC(CC)COc1ccc(-c2nc3cc(F)c(F)cc3nc2-c2ccc(OCC(CC)CCCC)c(F)c2)cc1F.Cc1cccs1.C=C1C(=O)c2ccccc2C1=C(C#N)C#N.c1cc2sccc2s1.CCCCCCc1ccc(-c2(-c3ccc(CCCCCC)cc3)cccc2)cc1.c1ccccc1.CCCCCCc1ccc(-c2(-c3ccc(CCCCCC)cc3)cccc2)cc1.c1cc2sccc2s1.C=C1C(=O)c2ccccc2C1=C(C#N)C#N,8.555082918813751
CCCCC(CC)Cc1ccc(-c2c3cc(C)sc3c(-c3ccc(CC(CC)CCCC)s3)c3ccsc23)s1.CCCCC(CC)COC(=O)c1sc2csc(C)c2c1F.C=C1C(=O)c2ccccc2C1=C(C#N)C#N.c1ccsc1.CCCCCCCCCCC1(CCCCCCCCCC)c2ccccc2-c2ccccc21.c1ccsc1.C=C1C(=O)c2ccccc2C1=C(C#N)C#N,8.710175325837824
