PS_manual_aug_str,SD
C[Si](C)C.CO.CCCCCC,41.41
CO.C[Si](C)C.CCCCCC,41.41
CNCCCCCCCCCCCC=O.CCCCCOCCCCOCCCCCO.CCCCCC,8.75
CCCCCOCCCCOCCCCCO.CNCCCCCCCCCCCC=O.CCCCCC,8.75
CC.CCC#N.CCCCCC,0.17
CCC#N.CC.CCCCCC,0.17
CO.c1ccccc1.O=S=O.Cc1ccccc1.CCCCCC,1.25
Cc1ccccc1.CO.c1ccccc1.O=S=O.CCCCCC,1.25
O=S=O.Cc1ccccc1.CO.c1ccccc1.CCCCCC,1.25
c1ccccc1.O=S=O.Cc1ccccc1.CO.CCCCCC,1.25
CO.c1ccccc1.O=S=O.c1ccccc1.O.c1ccccc1.CCC.Cc1ccccc1.CCCCCC,1.19
Cc1ccccc1.CO.c1ccccc1.O=S=O.c1ccccc1.O.c1ccccc1.CCC.CCCCCC,1.19
CCC.Cc1ccccc1.CO.c1ccccc1.O=S=O.c1ccccc1.O.c1ccccc1.CCCCCC,1.19
c1ccccc1.CCC.Cc1ccccc1.CO.c1ccccc1.O=S=O.c1ccccc1.O.CCCCCC,1.19
O.c1ccccc1.CCC.Cc1ccccc1.CO.c1ccccc1.O=S=O.c1ccccc1.CCCCCC,1.19
c1ccccc1.O.c1ccccc1.CCC.Cc1ccccc1.CO.c1ccccc1.O=S=O.CCCCCC,1.19
O=S=O.c1ccccc1.O.c1ccccc1.CCC.Cc1ccccc1.CO.c1ccccc1.CCCCCC,1.19
c1ccccc1.O=S=O.c1ccccc1.O.c1ccccc1.CCC.Cc1ccccc1.CO.CCCCCC,1.19
O=C1NC(=O)c2ccccc21.C=O.CN1C(=O)c2ccccc2C1=O.Cc1ccccc1.c1ccccc1.C.Cc1ccccc1.CCCCCC,1.15
Cc1ccccc1.O=C1NC(=O)c2ccccc21.C=O.CN1C(=O)c2ccccc2C1=O.Cc1ccccc1.c1ccccc1.C.CCCCCC,1.15
C.Cc1ccccc1.O=C1NC(=O)c2ccccc21.C=O.CN1C(=O)c2ccccc2C1=O.Cc1ccccc1.c1ccccc1.CCCCCC,1.15
c1ccccc1.C.Cc1ccccc1.O=C1NC(=O)c2ccccc21.C=O.CN1C(=O)c2ccccc2C1=O.Cc1ccccc1.CCCCCC,1.15
Cc1ccccc1.c1ccccc1.C.Cc1ccccc1.O=C1NC(=O)c2ccccc21.C=O.CN1C(=O)c2ccccc2C1=O.CCCCCC,1.15
CN1C(=O)c2ccccc2C1=O.Cc1ccccc1.c1ccccc1.C.Cc1ccccc1.O=C1NC(=O)c2ccccc21.C=O.CCCCCC,1.15
C=O.CN1C(=O)c2ccccc2C1=O.Cc1ccccc1.c1ccccc1.C.Cc1ccccc1.O=C1NC(=O)c2ccccc21.CCCCCC,1.15
CN1C(=O)c2ccccc2C1=O.C=O.O=C1NC(=O)c2ccccc21.c1ccccc1.Cc1ccc2c(c1)C(C)CC2(C)C.CCCCCC,3.57
Cc1ccc2c(c1)C(C)CC2(C)C.CN1C(=O)c2ccccc2C1=O.C=O.O=C1NC(=O)c2ccccc21.c1ccccc1.CCCCCC,3.57
c1ccccc1.Cc1ccc2c(c1)C(C)CC2(C)C.CN1C(=O)c2ccccc2C1=O.C=O.O=C1NC(=O)c2ccccc21.CCCCCC,3.57
O=C1NC(=O)c2ccccc21.c1ccccc1.Cc1ccc2c(c1)C(C)CC2(C)C.CN1C(=O)c2ccccc2C1=O.C=O.CCCCCC,3.57
C=O.O=C1NC(=O)c2ccccc21.c1ccccc1.Cc1ccc2c(c1)C(C)CC2(C)C.CN1C(=O)c2ccccc2C1=O.CCCCCC,3.57
C[Si](C)C.CO.c1ccccc1C,35.18
CO.C[Si](C)C.c1ccccc1C,35.18
CC.CCC#N.c1ccccc1C,2.25
CCC#N.CC.c1ccccc1C,2.25
CO.c1ccccc1.O=S=O.Cc1ccccc1.c1ccccc1C,5.04
Cc1ccccc1.CO.c1ccccc1.O=S=O.c1ccccc1C,5.04
O=S=O.Cc1ccccc1.CO.c1ccccc1.c1ccccc1C,5.04
c1ccccc1.O=S=O.Cc1ccccc1.CO.c1ccccc1C,5.04
CO.c1ccccc1.O=S=O.c1ccccc1.O.c1ccccc1.CCC.Cc1ccccc1.c1ccccc1C,17.61
Cc1ccccc1.CO.c1ccccc1.O=S=O.c1ccccc1.O.c1ccccc1.CCC.c1ccccc1C,17.61
CCC.Cc1ccccc1.CO.c1ccccc1.O=S=O.c1ccccc1.O.c1ccccc1.c1ccccc1C,17.61
c1ccccc1.CCC.Cc1ccccc1.CO.c1ccccc1.O=S=O.c1ccccc1.O.c1ccccc1C,17.61
O.c1ccccc1.CCC.Cc1ccccc1.CO.c1ccccc1.O=S=O.c1ccccc1.c1ccccc1C,17.61
c1ccccc1.O.c1ccccc1.CCC.Cc1ccccc1.CO.c1ccccc1.O=S=O.c1ccccc1C,17.61
O=S=O.c1ccccc1.O.c1ccccc1.CCC.Cc1ccccc1.CO.c1ccccc1.c1ccccc1C,17.61
c1ccccc1.O=S=O.c1ccccc1.O.c1ccccc1.CCC.Cc1ccccc1.CO.c1ccccc1C,17.61
O=C1NC(=O)c2ccccc21.C=O.CN1C(=O)c2ccccc2C1=O.Cc1ccccc1.c1ccccc1.C.Cc1ccccc1.c1ccccc1C,3.29
Cc1ccccc1.O=C1NC(=O)c2ccccc21.C=O.CN1C(=O)c2ccccc2C1=O.Cc1ccccc1.c1ccccc1.C.c1ccccc1C,3.29
C.Cc1ccccc1.O=C1NC(=O)c2ccccc21.C=O.CN1C(=O)c2ccccc2C1=O.Cc1ccccc1.c1ccccc1.c1ccccc1C,3.29
c1ccccc1.C.Cc1ccccc1.O=C1NC(=O)c2ccccc21.C=O.CN1C(=O)c2ccccc2C1=O.Cc1ccccc1.c1ccccc1C,3.29
Cc1ccccc1.c1ccccc1.C.Cc1ccccc1.O=C1NC(=O)c2ccccc21.C=O.CN1C(=O)c2ccccc2C1=O.c1ccccc1C,3.29
CN1C(=O)c2ccccc2C1=O.Cc1ccccc1.c1ccccc1.C.Cc1ccccc1.O=C1NC(=O)c2ccccc21.C=O.c1ccccc1C,3.29
C=O.CN1C(=O)c2ccccc2C1=O.Cc1ccccc1.c1ccccc1.C.Cc1ccccc1.O=C1NC(=O)c2ccccc21.c1ccccc1C,3.29
CN1C(=O)c2ccccc2C1=O.O.c1ccccc1.CCC.c1ccccc1.O.O=C1NC(=O)c2ccccc21.Cc1ccccc1.c1ccccc1C,4.13
Cc1ccccc1.CN1C(=O)c2ccccc2C1=O.O.c1ccccc1.CCC.c1ccccc1.O.O=C1NC(=O)c2ccccc21.c1ccccc1C,4.13
O=C1NC(=O)c2ccccc21.Cc1ccccc1.CN1C(=O)c2ccccc2C1=O.O.c1ccccc1.CCC.c1ccccc1.O.c1ccccc1C,4.13
O.O=C1NC(=O)c2ccccc21.Cc1ccccc1.CN1C(=O)c2ccccc2C1=O.O.c1ccccc1.CCC.c1ccccc1.c1ccccc1C,4.13
c1ccccc1.O.O=C1NC(=O)c2ccccc21.Cc1ccccc1.CN1C(=O)c2ccccc2C1=O.O.c1ccccc1.CCC.c1ccccc1C,4.13
CCC.c1ccccc1.O.O=C1NC(=O)c2ccccc21.Cc1ccccc1.CN1C(=O)c2ccccc2C1=O.O.c1ccccc1.c1ccccc1C,4.13
c1ccccc1.CCC.c1ccccc1.O.O=C1NC(=O)c2ccccc21.Cc1ccccc1.CN1C(=O)c2ccccc2C1=O.O.c1ccccc1C,4.13
O.c1ccccc1.CCC.c1ccccc1.O.O=C1NC(=O)c2ccccc21.Cc1ccccc1.CN1C(=O)c2ccccc2C1=O.c1ccccc1C,4.13
CCC.CC[Si](C)(C)C.CCOC(=O)C,16.91
CC[Si](C)(C)C.CCC.CCOC(=O)C,16.91
C[Si](C)C.CO.CCOC(=O)C,26.91
CO.C[Si](C)C.CCOC(=O)C,26.91
CNCCCCCCCCCCCC=O.CCCCCOCCCCOCCCCCO.CCOC(=O)C,15.65
CCCCCOCCCCOCCCCCO.CNCCCCCCCCCCCC=O.CCOC(=O)C,15.65
CC.CCC#N.CCOC(=O)C,0.27
CCC#N.CC.CCOC(=O)C,0.27
CO.c1ccccc1.O=S=O.Cc1ccccc1.CCOC(=O)C,8.63
Cc1ccccc1.CO.c1ccccc1.O=S=O.CCOC(=O)C,8.63
O=S=O.Cc1ccccc1.CO.c1ccccc1.CCOC(=O)C,8.63
c1ccccc1.O=S=O.Cc1ccccc1.CO.CCOC(=O)C,8.63
CO.c1ccccc1.O=S=O.c1ccccc1.O.c1ccccc1.CCC.Cc1ccccc1.CCOC(=O)C,9.2
Cc1ccccc1.CO.c1ccccc1.O=S=O.c1ccccc1.O.c1ccccc1.CCC.CCOC(=O)C,9.2
CCC.Cc1ccccc1.CO.c1ccccc1.O=S=O.c1ccccc1.O.c1ccccc1.CCOC(=O)C,9.2
c1ccccc1.CCC.Cc1ccccc1.CO.c1ccccc1.O=S=O.c1ccccc1.O.CCOC(=O)C,9.2
O.c1ccccc1.CCC.Cc1ccccc1.CO.c1ccccc1.O=S=O.c1ccccc1.CCOC(=O)C,9.2
c1ccccc1.O.c1ccccc1.CCC.Cc1ccccc1.CO.c1ccccc1.O=S=O.CCOC(=O)C,9.2
O=S=O.c1ccccc1.O.c1ccccc1.CCC.Cc1ccccc1.CO.c1ccccc1.CCOC(=O)C,9.2
c1ccccc1.O=S=O.c1ccccc1.O.c1ccccc1.CCC.Cc1ccccc1.CO.CCOC(=O)C,9.2
O=C1NC(=O)c2ccccc21.C=O.CN1C(=O)c2ccccc2C1=O.Cc1ccccc1.c1ccccc1.C.Cc1ccccc1.CCOC(=O)C,4.0
Cc1ccccc1.O=C1NC(=O)c2ccccc21.C=O.CN1C(=O)c2ccccc2C1=O.Cc1ccccc1.c1ccccc1.C.CCOC(=O)C,4.0
C.Cc1ccccc1.O=C1NC(=O)c2ccccc21.C=O.CN1C(=O)c2ccccc2C1=O.Cc1ccccc1.c1ccccc1.CCOC(=O)C,4.0
c1ccccc1.C.Cc1ccccc1.O=C1NC(=O)c2ccccc21.C=O.CN1C(=O)c2ccccc2C1=O.Cc1ccccc1.CCOC(=O)C,4.0
Cc1ccccc1.c1ccccc1.C.Cc1ccccc1.O=C1NC(=O)c2ccccc21.C=O.CN1C(=O)c2ccccc2C1=O.CCOC(=O)C,4.0
CN1C(=O)c2ccccc2C1=O.Cc1ccccc1.c1ccccc1.C.Cc1ccccc1.O=C1NC(=O)c2ccccc21.C=O.CCOC(=O)C,4.0
C=O.CN1C(=O)c2ccccc2C1=O.Cc1ccccc1.c1ccccc1.C.Cc1ccccc1.O=C1NC(=O)c2ccccc21.CCOC(=O)C,4.0
CN1C(=O)c2ccccc2C1=O.O.c1ccccc1.CCC.c1ccccc1.O.O=C1NC(=O)c2ccccc21.Cc1ccccc1.CCOC(=O)C,6.15
Cc1ccccc1.CN1C(=O)c2ccccc2C1=O.O.c1ccccc1.CCC.c1ccccc1.O.O=C1NC(=O)c2ccccc21.CCOC(=O)C,6.15
O=C1NC(=O)c2ccccc21.Cc1ccccc1.CN1C(=O)c2ccccc2C1=O.O.c1ccccc1.CCC.c1ccccc1.O.CCOC(=O)C,6.15
O.O=C1NC(=O)c2ccccc21.Cc1ccccc1.CN1C(=O)c2ccccc2C1=O.O.c1ccccc1.CCC.c1ccccc1.CCOC(=O)C,6.15
c1ccccc1.O.O=C1NC(=O)c2ccccc21.Cc1ccccc1.CN1C(=O)c2ccccc2C1=O.O.c1ccccc1.CCC.CCOC(=O)C,6.15
CCC.c1ccccc1.O.O=C1NC(=O)c2ccccc21.Cc1ccccc1.CN1C(=O)c2ccccc2C1=O.O.c1ccccc1.CCOC(=O)C,6.15
c1ccccc1.CCC.c1ccccc1.O.O=C1NC(=O)c2ccccc21.Cc1ccccc1.CN1C(=O)c2ccccc2C1=O.O.CCOC(=O)C,6.15
O.c1ccccc1.CCC.c1ccccc1.O.O=C1NC(=O)c2ccccc21.Cc1ccccc1.CN1C(=O)c2ccccc2C1=O.CCOC(=O)C,6.15
CCC.CC[Si](C)(C)C.CCC(=O)C,18.07
CC[Si](C)(C)C.CCC.CCC(=O)C,18.07
C[Si](C)C.CO.CCC(=O)C,21.08
CO.C[Si](C)C.CCC(=O)C,21.08
CNCCCCCCCCCCCC=O.CCCCCOCCCCOCCCCCO.CCC(=O)C,19.32
CCCCCOCCCCOCCCCCO.CNCCCCCCCCCCCC=O.CCC(=O)C,19.32
CO.c1ccccc1.O=S=O.Cc1ccccc1.CCC(=O)C,11.79
Cc1ccccc1.CO.c1ccccc1.O=S=O.CCC(=O)C,11.79
O=S=O.Cc1ccccc1.CO.c1ccccc1.CCC(=O)C,11.79
c1ccccc1.O=S=O.Cc1ccccc1.CO.CCC(=O)C,11.79
O=C1NC(=O)c2ccccc21.C=O.CN1C(=O)c2ccccc2C1=O.Cc1ccccc1.c1ccccc1.C.Cc1ccccc1.CCC(=O)C,5.43
Cc1ccccc1.O=C1NC(=O)c2ccccc21.C=O.CN1C(=O)c2ccccc2C1=O.Cc1ccccc1.c1ccccc1.C.CCC(=O)C,5.43
C.Cc1ccccc1.O=C1NC(=O)c2ccccc21.C=O.CN1C(=O)c2ccccc2C1=O.Cc1ccccc1.c1ccccc1.CCC(=O)C,5.43
c1ccccc1.C.Cc1ccccc1.O=C1NC(=O)c2ccccc21.C=O.CN1C(=O)c2ccccc2C1=O.Cc1ccccc1.CCC(=O)C,5.43
Cc1ccccc1.c1ccccc1.C.Cc1ccccc1.O=C1NC(=O)c2ccccc21.C=O.CN1C(=O)c2ccccc2C1=O.CCC(=O)C,5.43
CN1C(=O)c2ccccc2C1=O.Cc1ccccc1.c1ccccc1.C.Cc1ccccc1.O=C1NC(=O)c2ccccc21.C=O.CCC(=O)C,5.43
C=O.CN1C(=O)c2ccccc2C1=O.Cc1ccccc1.c1ccccc1.C.Cc1ccccc1.O=C1NC(=O)c2ccccc21.CCC(=O)C,5.43
CN1C(=O)c2ccccc2C1=O.C=O.O=C1NC(=O)c2ccccc21.c1ccccc1.Cc1ccc2c(c1)C(C)CC2(C)C.CCC(=O)C,17.01
Cc1ccc2c(c1)C(C)CC2(C)C.CN1C(=O)c2ccccc2C1=O.C=O.O=C1NC(=O)c2ccccc21.c1ccccc1.CCC(=O)C,17.01
c1ccccc1.Cc1ccc2c(c1)C(C)CC2(C)C.CN1C(=O)c2ccccc2C1=O.C=O.O=C1NC(=O)c2ccccc21.CCC(=O)C,17.01
O=C1NC(=O)c2ccccc21.c1ccccc1.Cc1ccc2c(c1)C(C)CC2(C)C.CN1C(=O)c2ccccc2C1=O.C=O.CCC(=O)C,17.01
C=O.O=C1NC(=O)c2ccccc21.c1ccccc1.Cc1ccc2c(c1)C(C)CC2(C)C.CN1C(=O)c2ccccc2C1=O.CCC(=O)C,17.01
CN1C(=O)c2ccccc2C1=O.O.c1ccccc1.CCC.c1ccccc1.O.O=C1NC(=O)c2ccccc21.Cc1ccccc1.CCC(=O)C,6.94
Cc1ccccc1.CN1C(=O)c2ccccc2C1=O.O.c1ccccc1.CCC.c1ccccc1.O.O=C1NC(=O)c2ccccc21.CCC(=O)C,6.94
O=C1NC(=O)c2ccccc21.Cc1ccccc1.CN1C(=O)c2ccccc2C1=O.O.c1ccccc1.CCC.c1ccccc1.O.CCC(=O)C,6.94
O.O=C1NC(=O)c2ccccc21.Cc1ccccc1.CN1C(=O)c2ccccc2C1=O.O.c1ccccc1.CCC.c1ccccc1.CCC(=O)C,6.94
c1ccccc1.O.O=C1NC(=O)c2ccccc21.Cc1ccccc1.CN1C(=O)c2ccccc2C1=O.O.c1ccccc1.CCC.CCC(=O)C,6.94
CCC.c1ccccc1.O.O=C1NC(=O)c2ccccc21.Cc1ccccc1.CN1C(=O)c2ccccc2C1=O.O.c1ccccc1.CCC(=O)C,6.94
c1ccccc1.CCC.c1ccccc1.O.O=C1NC(=O)c2ccccc21.Cc1ccccc1.CN1C(=O)c2ccccc2C1=O.O.CCC(=O)C,6.94
O.c1ccccc1.CCC.c1ccccc1.O.O=C1NC(=O)c2ccccc21.Cc1ccccc1.CN1C(=O)c2ccccc2C1=O.CCC(=O)C,6.94
CCC.CC[Si](C)(C)C.CC(=O)C,12.92
CC[Si](C)(C)C.CCC.CC(=O)C,12.92
C[Si](C)C.CO.CC(=O)C,9.28
CO.C[Si](C)C.CC(=O)C,9.28
CNCCCCCCCCCCCC=O.CCCCCOCCCCOCCCCCO.CC(=O)C,12.98
CCCCCOCCCCOCCCCCO.CNCCCCCCCCCCCC=O.CC(=O)C,12.98
CO.c1ccccc1.O=S=O.Cc1ccccc1.CC(=O)C,11.82
Cc1ccccc1.CO.c1ccccc1.O=S=O.CC(=O)C,11.82
O=S=O.Cc1ccccc1.CO.c1ccccc1.CC(=O)C,11.82
c1ccccc1.O=S=O.Cc1ccccc1.CO.CC(=O)C,11.82
CO.c1ccccc1.O=S=O.c1ccccc1.O.c1ccccc1.CCC.Cc1ccccc1.CC(=O)C,7.61
Cc1ccccc1.CO.c1ccccc1.O=S=O.c1ccccc1.O.c1ccccc1.CCC.CC(=O)C,7.61
CCC.Cc1ccccc1.CO.c1ccccc1.O=S=O.c1ccccc1.O.c1ccccc1.CC(=O)C,7.61
c1ccccc1.CCC.Cc1ccccc1.CO.c1ccccc1.O=S=O.c1ccccc1.O.CC(=O)C,7.61
O.c1ccccc1.CCC.Cc1ccccc1.CO.c1ccccc1.O=S=O.c1ccccc1.CC(=O)C,7.61
c1ccccc1.O.c1ccccc1.CCC.Cc1ccccc1.CO.c1ccccc1.O=S=O.CC(=O)C,7.61
O=S=O.c1ccccc1.O.c1ccccc1.CCC.Cc1ccccc1.CO.c1ccccc1.CC(=O)C,7.61
c1ccccc1.O=S=O.c1ccccc1.O.c1ccccc1.CCC.Cc1ccccc1.CO.CC(=O)C,7.61
O=C1NC(=O)c2ccccc21.C=O.CN1C(=O)c2ccccc2C1=O.Cc1ccccc1.c1ccccc1.C.Cc1ccccc1.CC(=O)C,5.94
Cc1ccccc1.O=C1NC(=O)c2ccccc21.C=O.CN1C(=O)c2ccccc2C1=O.Cc1ccccc1.c1ccccc1.C.CC(=O)C,5.94
C.Cc1ccccc1.O=C1NC(=O)c2ccccc21.C=O.CN1C(=O)c2ccccc2C1=O.Cc1ccccc1.c1ccccc1.CC(=O)C,5.94
c1ccccc1.C.Cc1ccccc1.O=C1NC(=O)c2ccccc21.C=O.CN1C(=O)c2ccccc2C1=O.Cc1ccccc1.CC(=O)C,5.94
Cc1ccccc1.c1ccccc1.C.Cc1ccccc1.O=C1NC(=O)c2ccccc21.C=O.CN1C(=O)c2ccccc2C1=O.CC(=O)C,5.94
CN1C(=O)c2ccccc2C1=O.Cc1ccccc1.c1ccccc1.C.Cc1ccccc1.O=C1NC(=O)c2ccccc21.C=O.CC(=O)C,5.94
C=O.CN1C(=O)c2ccccc2C1=O.Cc1ccccc1.c1ccccc1.C.Cc1ccccc1.O=C1NC(=O)c2ccccc21.CC(=O)C,5.94
CN1C(=O)c2ccccc2C1=O.C=O.O=C1NC(=O)c2ccccc21.c1ccccc1.Cc1ccc2c(c1)C(C)CC2(C)C.CC(=O)C,15.58
Cc1ccc2c(c1)C(C)CC2(C)C.CN1C(=O)c2ccccc2C1=O.C=O.O=C1NC(=O)c2ccccc21.c1ccccc1.CC(=O)C,15.58
c1ccccc1.Cc1ccc2c(c1)C(C)CC2(C)C.CN1C(=O)c2ccccc2C1=O.C=O.O=C1NC(=O)c2ccccc21.CC(=O)C,15.58
O=C1NC(=O)c2ccccc21.c1ccccc1.Cc1ccc2c(c1)C(C)CC2(C)C.CN1C(=O)c2ccccc2C1=O.C=O.CC(=O)C,15.58
C=O.O=C1NC(=O)c2ccccc21.c1ccccc1.Cc1ccc2c(c1)C(C)CC2(C)C.CN1C(=O)c2ccccc2C1=O.CC(=O)C,15.58
CN1C(=O)c2ccccc2C1=O.O.c1ccccc1.CCC.c1ccccc1.O.O=C1NC(=O)c2ccccc21.Cc1ccccc1.CC(=O)C,7.17
Cc1ccccc1.CN1C(=O)c2ccccc2C1=O.O.c1ccccc1.CCC.c1ccccc1.O.O=C1NC(=O)c2ccccc21.CC(=O)C,7.17
O=C1NC(=O)c2ccccc21.Cc1ccccc1.CN1C(=O)c2ccccc2C1=O.O.c1ccccc1.CCC.c1ccccc1.O.CC(=O)C,7.17
O.O=C1NC(=O)c2ccccc21.Cc1ccccc1.CN1C(=O)c2ccccc2C1=O.O.c1ccccc1.CCC.c1ccccc1.CC(=O)C,7.17
c1ccccc1.O.O=C1NC(=O)c2ccccc21.Cc1ccccc1.CN1C(=O)c2ccccc2C1=O.O.c1ccccc1.CCC.CC(=O)C,7.17
CCC.c1ccccc1.O.O=C1NC(=O)c2ccccc21.Cc1ccccc1.CN1C(=O)c2ccccc2C1=O.O.c1ccccc1.CC(=O)C,7.17
c1ccccc1.CCC.c1ccccc1.O.O=C1NC(=O)c2ccccc21.Cc1ccccc1.CN1C(=O)c2ccccc2C1=O.O.CC(=O)C,7.17
O.c1ccccc1.CCC.c1ccccc1.O.O=C1NC(=O)c2ccccc21.Cc1ccccc1.CN1C(=O)c2ccccc2C1=O.CC(=O)C,7.17
CCC.CC[Si](C)(C)C.CC(C)O,27.51
CC[Si](C)(C)C.CCC.CC(C)O,27.51
C[Si](C)C.CO.CC(C)O,10.71
CO.C[Si](C)C.CC(C)O,10.71
CNCCCCCCCCCCCC=O.CCCCCOCCCCOCCCCCO.CC(C)O,20.51
CCCCCOCCCCOCCCCCO.CNCCCCCCCCCCCC=O.CC(C)O,20.51
CC.CCC#N.CC(C)O,0.0
CCC#N.CC.CC(C)O,0.0
CO.c1ccccc1.O=S=O.Cc1ccccc1.CC(C)O,2.28
Cc1ccccc1.CO.c1ccccc1.O=S=O.CC(C)O,2.28
O=S=O.Cc1ccccc1.CO.c1ccccc1.CC(C)O,2.28
c1ccccc1.O=S=O.Cc1ccccc1.CO.CC(C)O,2.28
CO.c1ccccc1.O=S=O.c1ccccc1.O.c1ccccc1.CCC.Cc1ccccc1.CC(C)O,1.61
Cc1ccccc1.CO.c1ccccc1.O=S=O.c1ccccc1.O.c1ccccc1.CCC.CC(C)O,1.61
CCC.Cc1ccccc1.CO.c1ccccc1.O=S=O.c1ccccc1.O.c1ccccc1.CC(C)O,1.61
c1ccccc1.CCC.Cc1ccccc1.CO.c1ccccc1.O=S=O.c1ccccc1.O.CC(C)O,1.61
O.c1ccccc1.CCC.Cc1ccccc1.CO.c1ccccc1.O=S=O.c1ccccc1.CC(C)O,1.61
c1ccccc1.O.c1ccccc1.CCC.Cc1ccccc1.CO.c1ccccc1.O=S=O.CC(C)O,1.61
O=S=O.c1ccccc1.O.c1ccccc1.CCC.Cc1ccccc1.CO.c1ccccc1.CC(C)O,1.61
c1ccccc1.O=S=O.c1ccccc1.O.c1ccccc1.CCC.Cc1ccccc1.CO.CC(C)O,1.61
CN1C(=O)c2ccccc2C1=O.C=O.O=C1NC(=O)c2ccccc21.c1ccccc1.Cc1ccc2c(c1)C(C)CC2(C)C.CC(C)O,5.22
Cc1ccc2c(c1)C(C)CC2(C)C.CN1C(=O)c2ccccc2C1=O.C=O.O=C1NC(=O)c2ccccc21.c1ccccc1.CC(C)O,5.22
c1ccccc1.Cc1ccc2c(c1)C(C)CC2(C)C.CN1C(=O)c2ccccc2C1=O.C=O.O=C1NC(=O)c2ccccc21.CC(C)O,5.22
O=C1NC(=O)c2ccccc21.c1ccccc1.Cc1ccc2c(c1)C(C)CC2(C)C.CN1C(=O)c2ccccc2C1=O.C=O.CC(C)O,5.22
C=O.O=C1NC(=O)c2ccccc21.c1ccccc1.Cc1ccc2c(c1)C(C)CC2(C)C.CN1C(=O)c2ccccc2C1=O.CC(C)O,5.22
CN1C(=O)c2ccccc2C1=O.O.c1ccccc1.CCC.c1ccccc1.O.O=C1NC(=O)c2ccccc21.Cc1ccccc1.CC(C)O,1.12
Cc1ccccc1.CN1C(=O)c2ccccc2C1=O.O.c1ccccc1.CCC.c1ccccc1.O.O=C1NC(=O)c2ccccc21.CC(C)O,1.12
O=C1NC(=O)c2ccccc21.Cc1ccccc1.CN1C(=O)c2ccccc2C1=O.O.c1ccccc1.CCC.c1ccccc1.O.CC(C)O,1.12
O.O=C1NC(=O)c2ccccc21.Cc1ccccc1.CN1C(=O)c2ccccc2C1=O.O.c1ccccc1.CCC.c1ccccc1.CC(C)O,1.12
c1ccccc1.O.O=C1NC(=O)c2ccccc21.Cc1ccccc1.CN1C(=O)c2ccccc2C1=O.O.c1ccccc1.CCC.CC(C)O,1.12
CCC.c1ccccc1.O.O=C1NC(=O)c2ccccc21.Cc1ccccc1.CN1C(=O)c2ccccc2C1=O.O.c1ccccc1.CC(C)O,1.12
c1ccccc1.CCC.c1ccccc1.O.O=C1NC(=O)c2ccccc21.Cc1ccccc1.CN1C(=O)c2ccccc2C1=O.O.CC(C)O,1.12
O.c1ccccc1.CCC.c1ccccc1.O.O=C1NC(=O)c2ccccc21.Cc1ccccc1.CN1C(=O)c2ccccc2C1=O.CC(C)O,1.12
CCC.CC[Si](C)(C)C.CCO,15.13
CC[Si](C)(C)C.CCC.CCO,15.13
C[Si](C)C.CO.CCO,3.6
CO.C[Si](C)C.CCO,3.6
CNCCCCCCCCCCCC=O.CCCCCOCCCCOCCCCCO.CCO,12.29
CCCCCOCCCCOCCCCCO.CNCCCCCCCCCCCC=O.CCO,12.29
CO.c1ccccc1.O=S=O.Cc1ccccc1.CCO,2.76
Cc1ccccc1.CO.c1ccccc1.O=S=O.CCO,2.76
O=S=O.Cc1ccccc1.CO.c1ccccc1.CCO,2.76
c1ccccc1.O=S=O.Cc1ccccc1.CO.CCO,2.76
CO.c1ccccc1.O=S=O.c1ccccc1.O.c1ccccc1.CCC.Cc1ccccc1.CCO,2.28
Cc1ccccc1.CO.c1ccccc1.O=S=O.c1ccccc1.O.c1ccccc1.CCC.CCO,2.28
CCC.Cc1ccccc1.CO.c1ccccc1.O=S=O.c1ccccc1.O.c1ccccc1.CCO,2.28
c1ccccc1.CCC.Cc1ccccc1.CO.c1ccccc1.O=S=O.c1ccccc1.O.CCO,2.28
O.c1ccccc1.CCC.Cc1ccccc1.CO.c1ccccc1.O=S=O.c1ccccc1.CCO,2.28
c1ccccc1.O.c1ccccc1.CCC.Cc1ccccc1.CO.c1ccccc1.O=S=O.CCO,2.28
O=S=O.c1ccccc1.O.c1ccccc1.CCC.Cc1ccccc1.CO.c1ccccc1.CCO,2.28
c1ccccc1.O=S=O.c1ccccc1.O.c1ccccc1.CCC.Cc1ccccc1.CO.CCO,2.28
O=C1NC(=O)c2ccccc21.C=O.CN1C(=O)c2ccccc2C1=O.Cc1ccccc1.c1ccccc1.C.Cc1ccccc1.CCO,3.17
Cc1ccccc1.O=C1NC(=O)c2ccccc21.C=O.CN1C(=O)c2ccccc2C1=O.Cc1ccccc1.c1ccccc1.C.CCO,3.17
C.Cc1ccccc1.O=C1NC(=O)c2ccccc21.C=O.CN1C(=O)c2ccccc2C1=O.Cc1ccccc1.c1ccccc1.CCO,3.17
c1ccccc1.C.Cc1ccccc1.O=C1NC(=O)c2ccccc21.C=O.CN1C(=O)c2ccccc2C1=O.Cc1ccccc1.CCO,3.17
Cc1ccccc1.c1ccccc1.C.Cc1ccccc1.O=C1NC(=O)c2ccccc21.C=O.CN1C(=O)c2ccccc2C1=O.CCO,3.17
CN1C(=O)c2ccccc2C1=O.Cc1ccccc1.c1ccccc1.C.Cc1ccccc1.O=C1NC(=O)c2ccccc21.C=O.CCO,3.17
C=O.CN1C(=O)c2ccccc2C1=O.Cc1ccccc1.c1ccccc1.C.Cc1ccccc1.O=C1NC(=O)c2ccccc21.CCO,3.17
CN1C(=O)c2ccccc2C1=O.C=O.O=C1NC(=O)c2ccccc21.c1ccccc1.Cc1ccc2c(c1)C(C)CC2(C)C.CCO,6.3
Cc1ccc2c(c1)C(C)CC2(C)C.CN1C(=O)c2ccccc2C1=O.C=O.O=C1NC(=O)c2ccccc21.c1ccccc1.CCO,6.3
c1ccccc1.Cc1ccc2c(c1)C(C)CC2(C)C.CN1C(=O)c2ccccc2C1=O.C=O.O=C1NC(=O)c2ccccc21.CCO,6.3
O=C1NC(=O)c2ccccc21.c1ccccc1.Cc1ccc2c(c1)C(C)CC2(C)C.CN1C(=O)c2ccccc2C1=O.C=O.CCO,6.3
C=O.O=C1NC(=O)c2ccccc21.c1ccccc1.Cc1ccc2c(c1)C(C)CC2(C)C.CN1C(=O)c2ccccc2C1=O.CCO,6.3
CN1C(=O)c2ccccc2C1=O.O.c1ccccc1.CCC.c1ccccc1.O.O=C1NC(=O)c2ccccc21.Cc1ccccc1.CCO,1.25
Cc1ccccc1.CN1C(=O)c2ccccc2C1=O.O.c1ccccc1.CCC.c1ccccc1.O.O=C1NC(=O)c2ccccc21.CCO,1.25
O=C1NC(=O)c2ccccc21.Cc1ccccc1.CN1C(=O)c2ccccc2C1=O.O.c1ccccc1.CCC.c1ccccc1.O.CCO,1.25
O.O=C1NC(=O)c2ccccc21.Cc1ccccc1.CN1C(=O)c2ccccc2C1=O.O.c1ccccc1.CCC.c1ccccc1.CCO,1.25
c1ccccc1.O.O=C1NC(=O)c2ccccc21.Cc1ccccc1.CN1C(=O)c2ccccc2C1=O.O.c1ccccc1.CCC.CCO,1.25
CCC.c1ccccc1.O.O=C1NC(=O)c2ccccc21.Cc1ccccc1.CN1C(=O)c2ccccc2C1=O.O.c1ccccc1.CCO,1.25
c1ccccc1.CCC.c1ccccc1.O.O=C1NC(=O)c2ccccc21.Cc1ccccc1.CN1C(=O)c2ccccc2C1=O.O.CCO,1.25
O.c1ccccc1.CCC.c1ccccc1.O.O=C1NC(=O)c2ccccc21.Cc1ccccc1.CN1C(=O)c2ccccc2C1=O.CCO,1.25
CCC.CC[Si](C)(C)C.CO,2.57
CC[Si](C)(C)C.CCC.CO,2.57
C[Si](C)C.CO.CO,0.4
CO.C[Si](C)C.CO,0.4
CNCCCCCCCCCCCC=O.CCCCCOCCCCOCCCCCO.CO,11.47
CCCCCOCCCCOCCCCCO.CNCCCCCCCCCCCC=O.CO,11.47
CO.c1ccccc1.O=S=O.Cc1ccccc1.CO,3.29
Cc1ccccc1.CO.c1ccccc1.O=S=O.CO,3.29
O=S=O.Cc1ccccc1.CO.c1ccccc1.CO,3.29
c1ccccc1.O=S=O.Cc1ccccc1.CO.CO,3.29
CO.c1ccccc1.O=S=O.c1ccccc1.O.c1ccccc1.CCC.Cc1ccccc1.CO,2.63
Cc1ccccc1.CO.c1ccccc1.O=S=O.c1ccccc1.O.c1ccccc1.CCC.CO,2.63
CCC.Cc1ccccc1.CO.c1ccccc1.O=S=O.c1ccccc1.O.c1ccccc1.CO,2.63
c1ccccc1.CCC.Cc1ccccc1.CO.c1ccccc1.O=S=O.c1ccccc1.O.CO,2.63
O.c1ccccc1.CCC.Cc1ccccc1.CO.c1ccccc1.O=S=O.c1ccccc1.CO,2.63
c1ccccc1.O.c1ccccc1.CCC.Cc1ccccc1.CO.c1ccccc1.O=S=O.CO,2.63
O=S=O.c1ccccc1.O.c1ccccc1.CCC.Cc1ccccc1.CO.c1ccccc1.CO,2.63
c1ccccc1.O=S=O.c1ccccc1.O.c1ccccc1.CCC.Cc1ccccc1.CO.CO,2.63
O=C1NC(=O)c2ccccc21.C=O.CN1C(=O)c2ccccc2C1=O.Cc1ccccc1.c1ccccc1.C.Cc1ccccc1.CO,2.5
Cc1ccccc1.O=C1NC(=O)c2ccccc21.C=O.CN1C(=O)c2ccccc2C1=O.Cc1ccccc1.c1ccccc1.C.CO,2.5
C.Cc1ccccc1.O=C1NC(=O)c2ccccc21.C=O.CN1C(=O)c2ccccc2C1=O.Cc1ccccc1.c1ccccc1.CO,2.5
c1ccccc1.C.Cc1ccccc1.O=C1NC(=O)c2ccccc21.C=O.CN1C(=O)c2ccccc2C1=O.Cc1ccccc1.CO,2.5
Cc1ccccc1.c1ccccc1.C.Cc1ccccc1.O=C1NC(=O)c2ccccc21.C=O.CN1C(=O)c2ccccc2C1=O.CO,2.5
CN1C(=O)c2ccccc2C1=O.Cc1ccccc1.c1ccccc1.C.Cc1ccccc1.O=C1NC(=O)c2ccccc21.C=O.CO,2.5
C=O.CN1C(=O)c2ccccc2C1=O.Cc1ccccc1.c1ccccc1.C.Cc1ccccc1.O=C1NC(=O)c2ccccc21.CO,2.5
CN1C(=O)c2ccccc2C1=O.O.c1ccccc1.CCC.c1ccccc1.O.O=C1NC(=O)c2ccccc21.Cc1ccccc1.CO,2.28
Cc1ccccc1.CN1C(=O)c2ccccc2C1=O.O.c1ccccc1.CCC.c1ccccc1.O.O=C1NC(=O)c2ccccc21.CO,2.28
O=C1NC(=O)c2ccccc21.Cc1ccccc1.CN1C(=O)c2ccccc2C1=O.O.c1ccccc1.CCC.c1ccccc1.O.CO,2.28
O.O=C1NC(=O)c2ccccc21.Cc1ccccc1.CN1C(=O)c2ccccc2C1=O.O.c1ccccc1.CCC.c1ccccc1.CO,2.28
c1ccccc1.O.O=C1NC(=O)c2ccccc21.Cc1ccccc1.CN1C(=O)c2ccccc2C1=O.O.c1ccccc1.CCC.CO,2.28
CCC.c1ccccc1.O.O=C1NC(=O)c2ccccc21.Cc1ccccc1.CN1C(=O)c2ccccc2C1=O.O.c1ccccc1.CO,2.28
c1ccccc1.CCC.c1ccccc1.O.O=C1NC(=O)c2ccccc21.Cc1ccccc1.CN1C(=O)c2ccccc2C1=O.O.CO,2.28
O.c1ccccc1.CCC.c1ccccc1.O.O=C1NC(=O)c2ccccc21.Cc1ccccc1.CN1C(=O)c2ccccc2C1=O.CO,2.28
CCC.CC[Si](C)(C)C.O,0.03
CC[Si](C)(C)C.CCC.O,0.03
C[Si](C)C.CO.O,0.86
CO.C[Si](C)C.O,0.86
CNCCCCCCCCCCCC=O.CCCCCOCCCCOCCCCCO.O,0.3
CCCCCOCCCCOCCCCCO.CNCCCCCCCCCCCC=O.O,0.3
CO.c1ccccc1.O=S=O.Cc1ccccc1.O,0.56
Cc1ccccc1.CO.c1ccccc1.O=S=O.O,0.56
O=S=O.Cc1ccccc1.CO.c1ccccc1.O,0.56
c1ccccc1.O=S=O.Cc1ccccc1.CO.O,0.56
O=C1NC(=O)c2ccccc21.C=O.CN1C(=O)c2ccccc2C1=O.Cc1ccccc1.c1ccccc1.C.Cc1ccccc1.O,1.74
Cc1ccccc1.O=C1NC(=O)c2ccccc21.C=O.CN1C(=O)c2ccccc2C1=O.Cc1ccccc1.c1ccccc1.C.O,1.74
C.Cc1ccccc1.O=C1NC(=O)c2ccccc21.C=O.CN1C(=O)c2ccccc2C1=O.Cc1ccccc1.c1ccccc1.O,1.74
c1ccccc1.C.Cc1ccccc1.O=C1NC(=O)c2ccccc21.C=O.CN1C(=O)c2ccccc2C1=O.Cc1ccccc1.O,1.74
Cc1ccccc1.c1ccccc1.C.Cc1ccccc1.O=C1NC(=O)c2ccccc21.C=O.CN1C(=O)c2ccccc2C1=O.O,1.74
CN1C(=O)c2ccccc2C1=O.Cc1ccccc1.c1ccccc1.C.Cc1ccccc1.O=C1NC(=O)c2ccccc21.C=O.O,1.74
C=O.CN1C(=O)c2ccccc2C1=O.Cc1ccccc1.c1ccccc1.C.Cc1ccccc1.O=C1NC(=O)c2ccccc21.O,1.74
CN1C(=O)c2ccccc2C1=O.C=O.O=C1NC(=O)c2ccccc21.c1ccccc1.Cc1ccc2c(c1)C(C)CC2(C)C.O,0.99
Cc1ccc2c(c1)C(C)CC2(C)C.CN1C(=O)c2ccccc2C1=O.C=O.O=C1NC(=O)c2ccccc21.c1ccccc1.O,0.99
c1ccccc1.Cc1ccc2c(c1)C(C)CC2(C)C.CN1C(=O)c2ccccc2C1=O.C=O.O=C1NC(=O)c2ccccc21.O,0.99
O=C1NC(=O)c2ccccc21.c1ccccc1.Cc1ccc2c(c1)C(C)CC2(C)C.CN1C(=O)c2ccccc2C1=O.C=O.O,0.99
C=O.O=C1NC(=O)c2ccccc21.c1ccccc1.Cc1ccc2c(c1)C(C)CC2(C)C.CN1C(=O)c2ccccc2C1=O.O,0.99
CN1C(=O)c2ccccc2C1=O.O.c1ccccc1.CCC.c1ccccc1.O.O=C1NC(=O)c2ccccc21.Cc1ccccc1.O,0.2
Cc1ccccc1.CN1C(=O)c2ccccc2C1=O.O.c1ccccc1.CCC.c1ccccc1.O.O=C1NC(=O)c2ccccc21.O,0.2
O=C1NC(=O)c2ccccc21.Cc1ccccc1.CN1C(=O)c2ccccc2C1=O.O.c1ccccc1.CCC.c1ccccc1.O.O,0.2
O.O=C1NC(=O)c2ccccc21.Cc1ccccc1.CN1C(=O)c2ccccc2C1=O.O.c1ccccc1.CCC.c1ccccc1.O,0.2
c1ccccc1.O.O=C1NC(=O)c2ccccc21.Cc1ccccc1.CN1C(=O)c2ccccc2C1=O.O.c1ccccc1.CCC.O,0.2
CCC.c1ccccc1.O.O=C1NC(=O)c2ccccc21.Cc1ccccc1.CN1C(=O)c2ccccc2C1=O.O.c1ccccc1.O,0.2
c1ccccc1.CCC.c1ccccc1.O.O=C1NC(=O)c2ccccc21.Cc1ccccc1.CN1C(=O)c2ccccc2C1=O.O.O,0.2
O.c1ccccc1.CCC.c1ccccc1.O.O=C1NC(=O)c2ccccc21.Cc1ccccc1.CN1C(=O)c2ccccc2C1=O.O,0.2
