DA_SMILES,calc_PCE_percent
CCCCCCCCC(CCCCCC)Cn1nc2c(-c3ccc(C)s3)c(F)c(F)c(-c3ccc(-c4cc5c(-c6cc(F)c(CC(CC)CCCC)s6)c6sc(C)cc6c(-c6cc(F)c(CCCCC(C)CC)s6)c5s4)s3)c2n1.CCCCCCCCn1nc2c(/C=c3/sc(=C(C#N)C#N)n(CC)c3=O)ccc(-c3cc4sc5c(c4s3)C(c3ccc(CCCCCC)cc3)(c3ccc(CCCCCC)cc3)c3cc4c(cc3-5)C(c3ccc(CCCCCC)cc3)(c3ccc(CCCCCC)cc3)c3c-4sc4cc(-c5ccc(/C=c6/sc(=C(C#N)C#N)n(CC)c6=O)c6nn(CCCCCCCC)nc56)sc34)c2n1,5.3209316729080935
CCCCCCCCCCCCSSc1ccc(-c2c3cc(-c4ccc(-c5c(F)c(F)c(-c6ccc(C)s6)c6nn(CC(CCCCCC)CCCCCCCC)nc56)s4)sc3c(-c3ccc(SSCCCCCCCCCCCC)s3)c3cc(C)sc23)s1.CCCCCCc1ccc(C2(c3ccc(CCCCCC)cc3)c3cc(/C=C4\C(=O)c5ccccc5C4=C(C#N)C#N)sc3-c3sc4c(OCC(CC)CCCC)c5c6c(sc5c(OCC(CC)CCCC)c4c32)-c2sc(/C=C3\C(=O)c4ccccc4C3=C(C#N)C#N)cc2C6(c2ccc(CCCCCC)cc2)c2ccc(CCCCCC)cc2)cc1,8.484462591224279
CCCCCCCCC(CCCCCC)Cn1nc2c(-c3ccc(C)s3)c(F)c(F)c(-c3ccc(-c4cc5c(-c6ccc([Si](CCC)(CCC)CCC)s6)c6sc(C)cc6c(-c6ccc([Si](CCC)(CCC)CCC)s6)c5s4)s3)c2n1.CCCCCCc1ccc(C2(c3ccc(CCCCCC)cc3)c3cc(/C=C4\C(=O)c5ccccc5C4=C(C#N)C#N)sc3-c3sc4c(OCC(CC)CCCC)c5c6c(sc5c(OCC(CC)CCCC)c4c32)-c2sc(/C=C3\C(=O)c4ccccc4C3=C(C#N)C#N)cc2C6(c2ccc(CCCCCC)cc2)c2ccc(CCCCCC)cc2)cc1,9.208933098148783
CCCCCCCCC(CCCCCC)Cn1nc2c(-c3ccc(C)s3)c(F)c(F)c(-c3ccc(-c4cc5c(-c6ccc([Si](CCC)(CCC)CCC)s6)c6sc(C)cc6c(-c6ccc([Si](CCC)(CCC)CCC)s6)c5s4)s3)c2n1.CCCCCCC(CCCC)CSc1ccc(C2(c3ccc(SCC(CCCC)CCCCCC)cc3)c3cc4c(cc3-c3sc5cc(/C=C6\C(=O)c7cc8ccccc8cc7C6=C(C#N)C#N)sc5c32)C(c2ccc(SCC(CCCC)CCCCCC)cc2)(c2ccc(SCC(CCCC)CCCCCC)cc2)c2c-4sc3cc(/C=C4\C(=O)c5cc6ccccc6cc5C4=C(C#N)C#N)sc23)cc1,9.778480264009977
CCCCC(CC)Cc1ccc(-c2c3cc(-c4ccc(-c5sc(-c6ccc(C)s6)c6c5C(=O)c5c(CC(CC)CCCC)sc(CC(CC)CCCC)c5C6=O)s4)sc3c(-c3ccc(CC(CC)CCCC)s3)c3cc(C)sc23)s1.CCCCCCC(CCCC)CSc1ccc(C2(c3ccc(SCC(CCCC)CCCCCC)cc3)c3cc4c(cc3-c3sc5cc(/C=C6\C(=O)c7cc8ccccc8cc7C6=C(C#N)C#N)sc5c32)C(c2ccc(SCC(CCCC)CCCCCC)cc2)(c2ccc(SCC(CCCC)CCCCCC)cc2)c2c-4sc3cc(/C=C4\C(=O)c5cc6ccccc6cc5C4=C(C#N)C#N)sc23)cc1,8.95998541127946
CCCCCCC(CCCC)CSOC(=O)c1cc(-c2cc(C(=O)OSCC(CCCC)CCCCCC)c(-c3ccc(C)s3)s2)sc1-c1ccc(C)s1.CCCCCCC(CCCC)CSOc1ccc(C2(c3ccc(OSCC(CCCC)CCCCCC)cc3)c3cc4c(cc3-c3sc5cc(/C=C6\C(=O)c7cc8ccccc8cc7C6=C(C#N)C#N)sc5c32)C(c2ccc(OSCC(CCCC)CCCCCC)cc2)(c2ccc(OSCC(CCCC)CCCCCC)cc2)c2c-4sc3cc(/C=C4\C(=O)c5cc6ccccc6cc5C4=C(C#N)C#N)sc23)cc1,6.967580210809643
CCCCCCCCCCCCSSc1ccc(-c2c3cc(-c4ccc(-c5c(F)c(F)c(-c6ccc(C)s6)c6nn(CC(CCCCCC)CCCCCCCC)nc56)s4)sc3c(-c3ccc(SSCCCCCCCCCCCC)s3)c3cc(C)sc23)s1.CCCCCCc1ccc(C2(c3ccc(CCCCCC)cc3)c3cc4c(cc3-c3sc5cc(/C=C6\C(=O)c7ccccc7C6=C(C#N)C#N)sc5c32)C(c2ccc(CCCCCC)cc2)(c2ccc(CCCCCC)cc2)c2c-4sc3cc(/C=C4\C(=O)c5ccccc5C4=C(C#N)C#N)sc23)cc1,8.987098739753028
CCCCCCCCc1cc(-c2c(F)c(F)c(-c3cc(CCCCCCCC)c(-c4cc5c(-c6ccc(SCC(CCCC)CCCCCC)s6)c6sc(C)cc6c(-c6ccc(CCCCC(CS)CCCCCC)s6)c5s4)s3)c3nsnc23)sc1C.CCCCCCc1ccc(C2(c3ccc(CCCCCC)cc3)c3cc4c(cc3-c3sc5cc(/C=C6\C(=O)c7ccccc7C6=C(C#N)C#N)sc5c32)C(c2ccc(CCCCCC)cc2)(c2ccc(CCCCCC)cc2)c2c-4sc3cc(/C=C4\C(=O)c5ccccc5C4=C(C#N)C#N)sc23)cc1,9.125858775764526
CCCCCCCCc1cc(-c2c(F)c(F)c(-c3cc(CCCCCCCC)c(-c4cc5c(-c6cc(F)c(S)s6)c6sc(C)cc6c(-c6cc(F)c(CCCCC(CS)CCCCCC)s6)c5s4)s3)c3nsnc23)sc1C.CCCCCCc1ccc(C2(c3ccc(CCCCCC)cc3)c3cc4c(cc3-c3sc5cc(/C=C6\C(=O)c7ccccc7C6=C(C#N)C#N)sc5c32)C(c2ccc(CCCCCC)cc2)(c2ccc(CCCCCC)cc2)c2c-4sc3cc(/C=C4\C(=O)c5ccccc5C4=C(C#N)C#N)sc23)cc1,9.718868647827119
CCCCCCCCC(CCCCCC)Cn1nc2c(-c3ccc(C)s3)c(F)c(F)c(-c3ccc(-c4cc5c(-c6cccc(OCC(CC)CCCC)c6)c6sc(C)cc6c(-c6cccc(OCC(CC)CCCC)c6)c5s4)s3)c2n1.CCCCCCc1ccc(C2(c3ccc(CCCCCC)cc3)c3cc4c(cc3-c3sc5cc(/C=C6\C(=O)c7ccccc7C6=C(C#N)C#N)sc5c32)C(c2ccc(CCCCCC)cc2)(c2ccc(CCCCCC)cc2)c2c-4sc3cc(/C=C4\C(=O)c5ccccc5C4=C(C#N)C#N)sc23)cc1,6.503493775670868
CCCCCCCCC(CCCCCC)Cn1nc2c(-c3ccc(C)s3)c(F)c(F)c(-c3ccc(-c4cc5c(-c6ccc([Si](CCC)(CCC)CCC)s6)c6sc(C)cc6c(-c6ccc([Si](CCC)(CCC)CCC)s6)c5s4)s3)c2n1.CCCCCCc1ccc(C2(c3ccc(CCCCCC)cc3)c3cc(/C=C4\C(=O)c5ccccc5C4=C(C#N)C#N)sc3-c3sc4cc5c6c(sc5cc4c32)-c2sc(/C=C3\C(=O)c4ccccc4C3=C(C#N)C#N)cc2C6(c2ccc(CCCCCC)cc2)c2ccc(CCCCCC)cc2)cc1,9.703228652796202
CCCCCCCCC(CCCCCC)Cn1nc2c(-c3ccc(C)s3)c(F)c(F)c(-c3ccc(-c4cc5c(-c6ccc([Si](CCC)(CCC)CCC)s6)c6sc(C)cc6c(-c6ccc([Si](CCC)(CCC)CCC)s6)c5s4)s3)c2n1.CCCCCCc1ccc(C2(c3ccc(CCCCCC)cc3)c3cc(/C=C4\C(=O)c5cscc5C4=C(C#N)C#N)sc3-c3sc4cc5c6c(sc5cc4c32)-c2sc(/C=C3\C(=O)c4cscc4C3=C(C#N)C#N)cc2C6(c2ccc(CCCCCC)cc2)c2ccc(CCCCCC)cc2)cc1,9.986477117117007
CCCCCCCCC(CCCCCC)Cn1nc2c(-c3ccc(C)s3)c(F)c(F)c(-c3ccc(-c4cc5c(-c6ccc(CC(CC)CCCC)s6)c6sc(C)cc6c(-c6ccc(CCCCC(C)CC)s6)c5s4)s3)c2n1.CCCCCCc1cccc(C2(c3cccc(CCCCCC)c3)c3cc4c(cc3-c3sc5cc(/C=C6\C(=O)c7ccccc7C6=C(C#N)C#N)sc5c32)C(c2cccc(CCCCCC)c2)(c2cccc(CCCCCC)c2)c2c-4sc3cc(/C=C4\C(=O)c5ccccc5C4=C(C#N)C#N)sc23)c1,7.813029131604107
CCCCCCCCC(CCCCCC)Cn1nc2c(-c3ccc(C)s3)c(F)c(F)c(-c3ccc(-c4cc5c(-c6ccc(CC(CC)CCCC)s6)c6sc(C)cc6c(-c6ccc(CCCCC(C)CC)s6)c5s4)s3)c2n1.CCCCCCc1ccc(C2(c3ccc(CCCCCC)cc3)c3cc4c(cc3-c3sc(-c5sc(/C=C6\C(=O)c7ccccc7C6=C(C#N)C#N)cc5OCC(CC)CCCC)cc32)C(c2ccc(CCCCCC)cc2)(c2ccc(CCCCCC)cc2)c2cc(-c3sc(/C=C5\C(=O)c6ccccc6C5=C(C#N)C#N)cc3OCC(CC)CCCC)sc2-4)cc1,6.7835344328360865
CCCCCCCCC(CCCCCC)Cn1nc2c(-c3ccc(C)s3)c(F)c(F)c(-c3ccc(-c4cc5c(-c6ccc([Si](CCC)(CCC)CCC)s6)c6sc(C)cc6c(-c6ccc([Si](CCC)(CCC)CCC)s6)c5s4)s3)c2n1.CCCCCCc1ccc(C2(c3ccc(CCCCCC)cc3)c3cc4c(cc3-c3sc5cc(/C=C/C=C6\C(=O)c7cc(F)c(F)cc7C6=C(C#N)C#N)sc5c32)C(c2ccc(CCCCCC)cc2)(c2ccc(CCCCCC)cc2)c2c-4sc3cc(/C=C/C=C4\C(=O)c5cc(F)c(F)cc5C4=C(C#N)C#N)sc23)cc1,10.58518575370288
CCCCCCCCC(CCCCCC)Cn1nc2c(-c3ccc(C)s3)c(F)c(F)c(-c3ccc(-c4cc5c(-c6ccc(CC(CC)CCCC)s6)c6sc(C)cc6c(-c6ccc(CCCCC(C)CC)s6)c5s4)s3)c2n1.CCCCCCc1cccc(C2(c3cccc(CCCCCC)c3)c3cc4c(cc3-c3sc5cc(/C=C6\C(=O)c7ccccc7C6=C(C#N)C#N)sc5c32)C(c2cccc(CCCCCC)c2)(c2cccc(CCCCCC)c2)c2c-4sc3cc(/C=C4\C(=O)c5ccccc5C4=C(C#N)C#N)sc23)c1,7.813029131604107
CCCCCCCCC(CCCCCC)Cn1nc2c(-c3ccc(C)s3)c(F)c(F)c(-c3ccc(-c4cc5c(-c6ccc([Si](CCC)(CCC)CCC)s6)c6sc(C)cc6c(-c6ccc([Si](CCC)(CCC)CCC)s6)c5s4)s3)c2n1.CCCCCCc1cccc(C2(c3cccc(CCCCCC)c3)c3cc4c(cc3-c3sc5cc(/C=C6\C(=O)c7c(csc7C)C6=C(C#N)C#N)sc5c32)C(c2cccc(CCCCCC)c2)(c2cccc(CCCCCC)c2)c2c-4sc3cc(/C=C4\C(=O)c5c(csc5C)C4=C(C#N)C#N)sc23)c1,10.054252119391265
CCCCC(CC)COC(=O)c1sc2c(-c3cc4c(-c5ccc(CC(CC)CCCC)s5)c5sc(C)cc5c(-c5ccc(CC(CC)CCCC)s5)c4s3)sc(C)c2c1F.CCCCCCc1cccc(C2(c3cccc(CCCCCC)c3)c3cc4c(cc3-c3sc5cc(/C=C6\C(=O)c7c(csc7C)C6=C(C#N)C#N)sc5c32)C(c2cccc(CCCCCC)c2)(c2cccc(CCCCCC)c2)c2c-4sc3cc(/C=C4\C(=O)c5c(csc5C)C4=C(C#N)C#N)sc23)c1,9.12673808896469
CCCCCCCCOc1cccc(-c2nc3c(-c4ccc(C)s4)c(F)c(F)c(-c4ccc(-c5cc6c(-c7ccc(CC(CC)CCCC)s7)c7sc(C)cc7c(-c7ccc(CC(CC)CCCC)s7)c6s5)s4)c3nc2-c2cccc(OCCCCCCCC)c2)c1.CCCCCCc1ccc(C2(c3ccc(CCCCCC)cc3)c3cc4c(cc3-c3sc5cc(/C=C6\C(=O)c7ccccc7C6=C(C#N)C#N)sc5c32)C(c2ccc(CCCCCC)cc2)(c2ccc(CCCCCC)cc2)c2c-4sc3cc(/C=C4\C(=O)c5ccccc5C4=C(C#N)C#N)sc23)cc1,7.61497697892425
CCCCCCCCCC(CCCCCC)n1nc2c(-c3ccc(C)s3)c(F)c(F)c(-c3ccc(-c4cc5c(-c6cc(F)c(C(CC)CCCCCC)s6)c6sc(C)cc6c(-c6cc(F)c(C(CC)CCCCCC)s6)c5s4)s3)c2n1.CCCCCCc1ccc(C2(c3ccc(CCCCCC)cc3)c3cc4c(cc3-c3sc5cc(/C=C6\C(=O)c7ccc(C)cc7C6=C(C#N)C#N)sc5c32)C(c2ccc(CCCCCC)cc2)(c2ccc(CCCCCC)cc2)c2c-4sc3cc(/C=C4\C(=O)c5ccc(C)cc5C4=C(C#N)C#N)sc23)cc1,8.944678439552016
CCCCC(CC)Cc1ccc(-c2c3cc(-c4ccc(-c5sc(-c6ccc(C)s6)c6c5C(=O)c5c(CC(CC)CCCC)sc(CC(CC)CCCC)c5C6=O)s4)sc3c(-c3ccc(CC(CC)CCCC)s3)c3cc(C)sc23)s1.CCCCCCc1ccc(C2(c3ccc(CCCCCC)cc3)c3cc4c(cc3-c3sc5cc(/C=C6\C(=O)c7ccccc7C6=C(C#N)C#N)sc5c32)C(c2ccc(CCCCCC)cc2)(c2ccc(CCCCCC)cc2)c2c-4sc3cc(/C=C4\C(=O)c5ccccc5C4=C(C#N)C#N)sc23)cc1,8.70058525909039
CCCCCCCCCCCCSOc1c(OSCCCCCCCCCCCC)c(-c2ccc(-c3ccc4c5ccc(C)cc5n(CCCCCCCC)c4c3)s2)c2nsnc2c1-c1ccc(C)s1.CCCCCCCCCCCCN1C(=O)c2cccc3c(-c4ccc(-c5ccc(-c6ccc(-c7ccc8c9c(cccc79)C(=O)N(CCCCCCCCCCCC)C8=O)s6)c(F)c5)s4)ccc(c23)C1=O,2.8394865113083707
CCCCC(CC)Cc1ccc(-c2c3cc(-c4ccc(-c5sc(-c6ccc(C)s6)c6c5C(=O)c5c(CC(CC)CCCC)sc(CC(CC)CCCC)c5C6=O)s4)sc3c(-c3ccc(CC(CC)CCCC)s3)c3cc(C)sc23)s1.CCCCCCc1ccc(C2(c3ccc(CCCCCC)cc3)c3cc4c(cc3-c3sc5cc(/C=C6\C(=O)c7ccccc7C6=C(C#N)C#N)sc5c32)C(c2ccc(CCCCCC)cc2)(c2ccc(CCCCCC)cc2)c2c-4sc3cc(/C=C4\C(=O)c5ccccc5C4=C(C#N)C#N)sc23)cc1,8.70058525909039
CCCCC(CC)Cc1ccc(-c2c3cc(-c4ccc(-c5sc(-c6ccc(C)s6)c6c5C(=O)c5c(CC(CC)CCCC)sc(CC(CC)CCCC)c5C6=O)s4)sc3c(-c3ccc(CC(CC)CCCC)s3)c3cc(C)sc23)s1.CCCCCCc1ccc(C2(c3ccc(CCCCCC)cc3)c3cc4c(cc3-c3sc5cc(/C=C6\C(=O)c7sccc7C6=C(C#N)C#N)sc5c32)C(c2ccc(CCCCCC)cc2)(c2ccc(CCCCCC)cc2)c2c-4sc3cc(/C=C4\C(=O)c5sccc5C4=C(C#N)C#N)sc23)cc1,9.077493969559015
CCCCC(CC)Cc1ccc(-c2c3cc(-c4ccc(-c5sc(-c6ccc(C)s6)c6c5C(=O)c5c(CC(CC)CCCC)sc(CC(CC)CCCC)c5C6=O)s4)sc3c(-c3ccc(CC(CC)CCCC)s3)c3cc(C)sc23)s1.CCCCCCc1ccc(C2(c3ccc(CCCCCC)cc3)c3cc4c(cc3-c3sc5cc(/C=C6\C(=O)c7ccc(OCCC)cc7C6=C(C#N)C#N)sc5c32)C(c2ccc(CCCCCC)cc2)(c2ccc(CCCCCC)cc2)c2c-4sc3cc(/C=C4\C(=O)c5ccc(OCCC)cc5C4=C(C#N)C#N)sc23)cc1,8.327365150942736
CCCCC(CC)Cc1ccc(-c2c3cc(-c4ccc(-c5sc(-c6ccc(C)s6)c6c5C(=O)c5c(CC(CC)CCCC)sc(CC(CC)CCCC)c5C6=O)s4)sc3c(-c3ccc(CC(CC)CCCC)s3)c3cc(C)sc23)s1.CCCCCCc1ccc(C2(c3ccc(CCCCCC)cc3)c3cc4c(cc3-c3sc5cc(/C=C6\C(=O)c7ccc(OCCCC)cc7C6=C(C#N)C#N)sc5c32)C(c2ccc(CCCCCC)cc2)(c2ccc(CCCCCC)cc2)c2c-4sc3cc(/C=C4\C(=O)c5ccc(OCCCC)cc5C4=C(C#N)C#N)sc23)cc1,8.315984882521573
CCCCCCCCC(CCCCCC)Cn1nc2c(-c3ccc(C)s3)c(F)c(F)c(-c3ccc(-c4cc5c(-c6ccc([Si](CCC)(CCC)CCC)s6)c6sc(C)cc6c(-c6ccc([Si](CCC)(CCC)CCC)s6)c5s4)s3)c2n1.CCCCCCCCC(CCCCCC)CC1(CCCCCCCCC(C)CCCCCC)c2cc3c(cc2C2C1c1cc4c(cc1C2(CC(CCCCCC)CCCCCCCC)CC(CCCCCC)CCCCCCCC)-c1sc(/C=C2\C(=O)c5cc(F)ccc5C2=C(C#N)C#N)cc1C4)Cc1cc(/C=C2\C(=O)c4cc(F)ccc4C2=C(C#N)C#N)sc1-3,10.10286978486166
CCCCCCc1cc(-c2sc(-c3sc(-c4sc(C)cc4CCCCCC)cc3CCCCCC)cc2CCCCCC)sc1C.CCCCCCCCC1(CCCCCCCC)c2cc3c(cc2-c2sc(-c4ccc(/C=C5\SC(=S)N(CC)C5=O)c5nsnc45)cc21)C(CCCCCCCC)(CCCCCCCC)c1cc(-c2ccc(/C=C4\SC(=S)N(CC)C4=O)c4nsnc24)sc1-3,7.048919840341166
CCCCC(CC)COC(=O)c1sc2c(-c3cc4c(-c5ccc(CC(CC)CCCC)s5)c5sc(C)cc5c(-c5ccc(CC(CC)CCCC)s5)c4s3)sc(C)c2c1F.CCCCCCc1ccc(C2(c3ccc(CCCCCC)cc3)c3c(sc4cc(/C=C5\C(=O)c6cc(F)c(F)cc6C5=C(C#N)C#N)sc34)-c3sc4c5c(sc4c32)-c2sc3cc(/C=C4\C(=O)c6cc(F)c(F)cc6C4=C(C#N)C#N)sc3c2C5(c2ccc(CCCCCC)cc2)c2ccc(CCCCCC)cc2)cc1,10.16364071005981
CCCCC(CC)Cc1ccc(-c2c3cc(-c4ccc(-c5sc(-c6ccc(C)s6)c6c5C(=O)c5c(CC(CC)CCCC)sc(CC(CC)CCCC)c5C6=O)s4)sc3c(-c3ccc(CC(CC)CCCC)s3)c3cc(C)sc23)s1.CCCCCCCCC1(CCCCCCCC)c2cc3c(cc2-c2cc4c(cc21)-c1sc(/C=C2\C(=O)c5ccccc5C2=C(C#N)C#N)cc1C4(CCCCCC)CCCCCC)C(CCCCCC)(CCCCCC)c1cc(/C=C2\C(=O)c4ccccc4C2=C(C#N)C#N)sc1-3,9.080802849242719
CCCCC(CC)COC(=O)c1sc2c(-c3cc4c(-c5ccc(CC(CC)CCCC)s5)c5sc(C)cc5c(-c5ccc(CC(CC)CCCC)s5)c4s3)sc(C)c2c1F.CCCCC(CC)CN1C(=O)c2cc(-c3ccc(/C=C4\SC(=S)N(CC)C4=O)s3)c3c4c(cc(-c5ccc(/C=C6\SC(=S)N(CC)C6=O)s5)c(c24)C1=O)C(=O)N(CC(CC)CCCC)C3=O,5.846938021473987
CCCCC(CC)Cc1ccc(-c2c3cc(-c4ccc(-c5sc(-c6ccc(C)s6)c6c5C(=O)c5c(CC(CC)CCCC)sc(CC(CC)CCCC)c5C6=O)s4)sc3c(-c3ccc(CC(CC)CCCC)s3)c3cc(C)sc23)s1.CCCCCCc1ccc(C2(c3ccc(CCCCCC)cc3)c3cc4c(cc3-c3sc5cc(/C=C6\C(=O)c7cscc7C6=C(C#N)C#N)sc5c32)C(c2ccc(CCCCCC)cc2)(c2ccc(CCCCCC)cc2)c2c-4sc3cc(/C=C4\C(=O)c5cscc5C4=C(C#N)C#N)sc23)cc1,9.075801538546823
CCCCC(CC)Cc1ccc(-c2c3cc(-c4ccc(-c5sc(-c6ccc(C)s6)c6c5C(=O)c5c(CC(CC)CCCC)sc(CC(CC)CCCC)c5C6=O)s4)sc3c(-c3ccc(CC(CC)CCCC)s3)c3cc(C)sc23)s1.CCCCCCc1ccc(C2(c3ccc(CCCCCC)cc3)c3cc4c(cc3-c3sc5cc(/C=C6\C(=O)c7sccc7C6=C(C#N)C#N)sc5c32)C(c2ccc(CCCCCC)cc2)(c2ccc(CCCCCC)cc2)c2c-4sc3cc(/C=C4\C(=O)c5sccc5C4=C(C#N)C#N)sc23)cc1,9.077493969559015
CCCCC(CC)Cc1ccc(-c2c3cc(-c4ccc(-c5sc(-c6ccc(C)s6)c6c5C(=O)c5c(CC(CC)CCCC)sc(CC(CC)CCCC)c5C6=O)s4)sc3c(-c3ccc(CC(CC)CCCC)s3)c3cc(C)sc23)s1.CCCCCCc1ccc(C2(c3ccc(CCCCCC)cc3)c3cc4c(cc3-c3sc5cc(/C=C6\C(=O)c7c(csc7C)C6=C(C#N)C#N)sc5c32)C(c2ccc(CCCCCC)cc2)(c2ccc(CCCCCC)cc2)c2c-4sc3cc(/C=C4\C(=O)c5c(csc5C)C4=C(C#N)C#N)sc23)cc1,9.155737986000055
CCCCC(CC)COC(=O)c1sc2c(-c3cc4c(-c5ccc(CC(CC)CCCC)s5)c5sc(C)cc5c(-c5ccc(CC(CC)CCCC)s5)c4s3)sc(C)c2c1F.CCCCCCc1ccc(C2(c3ccc(CCCCCC)cc3)c3cc4c(cc3-c3sc(/C=C5\C(=O)c6ccccc6C5=C(C#N)C#N)cc32)C(c2ccc(CCCCCC)cc2)(c2ccc(CCCCCC)cc2)c2cc(/C=C3\C(=O)c5ccccc5C3=C(C#N)C#N)sc2-4)cc1,8.174610317744941
CCCCC(CC)COC(=O)c1sc2c(-c3cc4c(-c5ccc(CC(CC)CCCC)s5)c5sc(C)cc5c(-c5ccc(CC(CC)CCCC)s5)c4s3)sc(C)c2c1F.CCCCCCc1ccc(C2(c3ccc(CCCCCC)cc3)c3cc4c(cc3-c3sc(-c5sc(/C=C6\C(=O)c7ccccc7C6=C(C#N)C#N)cc5CC(CC)CCCC)cc32)C(c2ccc(CCCCCC)cc2)(c2ccc(CCCCCC)cc2)c2cc(-c3sc(/C=C5\C(=O)c6ccccc6C5=C(C#N)C#N)cc3CC(CC)CCCC)sc2-4)cc1,8.131793468021199
CCCCC(CC)Cc1ccc(-c2c3cc(-c4ccc(-c5sc(-c6ccc(C)s6)c6c5C(=O)c5c(CC(CC)CCCC)sc(CC(CC)CCCC)c5C6=O)s4)sc3c(-c3ccc(CC(CC)CCCC)s3)c3cc(C)sc23)s1.CCCCCCc1ccc(C2(c3ccc(CCCCCC)cc3)c3cc4c(cc3-c3sc(-c5sc(/C=C6\C(=O)c7cc(F)c(F)cc7C6=C(C#N)C#N)c6c5OCCCO6)cc32)C(c2ccc(CCCCCC)cc2)(c2ccc(CCCCCC)cc2)c2cc(-c3sc(/C=C5\C(=O)c6cc(F)c(F)cc6C5=C(C#N)C#N)c5c3OCCCO5)sc2-4)cc1,9.441490753532937
CCCCC(CC)COC(=O)c1sc2c(-c3cc4c(-c5ccc(CC(CC)CCCC)s5)c5sc(C)cc5c(-c5ccc(CC(CC)CCCC)s5)c4s3)sc(C)c2c1F.CCCCCCc1ccc(C2(c3ccc(CCCCCC)cc3)c3cc4c(cc3-c3sc(C=C5C(=O)c6ccccc6C5=C(C#N)C#N)cc32)C(c2ccc(CCCCCC)cc2)(c2ccc(CCCCCC)cc2)c2c-4sc3c4c(sc23)-c2cc3c(cc2C4(c2ccc(CCCCCC)cc2)c2ccc(CCCCCC)cc2)-c2sc(C=C4C(=O)c5ccccc5C4=C(C#N)C#N)cc2C3(c2ccc(CCCCCC)cc2)c2ccc(CCCCCC)cc2)cc1,6.857106158131387
CCCCCCCCCCCCSOc1c2cc(-c3ccc(-c4ccc(-c5ccc(C)s5)c5nsnc45)s3)sc2c(OSCCCCCCCCCCCC)c2cc(C)sc12.CCCCCCCCCCCCCCCCCn1c2cc(-c3sc(-c4sc(/C=C5\C(=O)N(CCCC)C(=O)C(C#N)C5C)cc4CCCCCC)cc3CCCCCC)sc2c2sc(-c3sc(-c4sc(/C=C5\C(=O)N(CCCC)C(=O)C(C#N)C5C)cc4CCCCCC)cc3CCCCCC)cc21,5.246219500724228
CCCCC(CC)CC(=O)c1cc2c(C)sc(-c3cc4c(-c5ccc(CC(CC)CCCC)s5)c5sc(C)cc5c(-c5ccc(CC(CC)CCCC)s5)c4s3)c2s1.CCCCCCc1ccc(C2(c3ccc(CCCCCC)cc3)c3cc(-c4ccc(/C=C5\C(=O)c6ccccc6C5=C(C#N)C#N)o4)ccc3-c3cc4c(cc32)-c2ccc(-c3ccc(/C=C5\C(=O)c6ccccc6C5=C(C#N)C#N)o3)cc2C4(c2ccc(CCCCCC)cc2)c2ccc(CCCCCC)cc2)cc1,6.838133349869177
CCCCC(CC)COC(=O)c1sc2c(-c3cc4c(-c5ccc(CC(CC)CCCC)s5)c5sc(C)cc5c(-c5ccc(CC(CC)CCCC)s5)c4s3)sc(C)c2c1F.CCCCCCc1ccc(C2(c3ccc(CCCCCC)cc3)c3cc4c(cc3-c3sc(-c5cc6c(s5)C(=C(C#N)C#N)C(=O)N6CC(CC)CCCC)cc32)C(c2ccc(CCCCCC)cc2)(c2ccc(CCCCCC)cc2)c2cc(-c3cc5c(s3)C(=C(C#N)C#N)C(=O)N5CC(CC)CCCC)sc2-4)cc1,5.6456234326488755
CCCCCCc1cc(-c2sc(-c3sc(-c4sc(C)cc4CCCCCC)cc3CCCCCC)cc2CCCCCC)sc1C.CCCCCCCCn1nc2c(/C=C3/SC(=O)N(CC)C3=O)c(OC)c(OC)c(-c3cc4c(s3)-c3cc5c(cc3C4(c3ccc(CCCCCC)cc3)c3ccc(CCCCCC)cc3)-c3sc(-c4c(OC)c(OC)c(/C=C6/SC(=O)N(CC)C6=O)c6nn(CCCCCCCC)nc46)cc3C5(c3ccc(CCCCCC)cc3)c3ccc(CCCCCC)cc3)c2n1,1.7668073292900406
CCCCC(CC)COC(=O)c1sc2c(-c3cc4c(-c5ccc(CC(CC)CCCC)s5)c5sc(C)cc5c(-c5ccc(CC(CC)CCCC)s5)c4s3)sc(C)c2c1F.CCCCCCc1ccc(C2(c3ccc(CCCCCC)cc3)c3cc4c(cc3-c3sc(-c5sc(/C=C6\C(=O)c7ccccc7C6=C(C#N)C#N)c6c(F)c(C(=O)OCC(CC)CCCC)sc56)cc32)C(c2ccc(CCCCCC)cc2)(c2ccc(CCCCCC)cc2)c2cc(-c3sc(/C=C5\C(=O)c6ccccc6C5=C(C#N)C#N)c5c(F)c(C(=O)OCC(CC)CCCC)sc35)sc2-4)cc1,8.744531545381081
CCCCCCCCCCC(CCCCCC)N1C(=O)c2c(-c3cc4sc(C)c(CCCCCC)c4s3)sc(-c3cc4sc(-c5cc6c(-c7ccc(C(CC)CCCCCC)s7)c7sc(C)cc7c(-c7ccc(C(CC)CCCCCC)s7)c6s5)c(CCCCCC)c4s3)c2C1=O.CCCCCCc1ccc(C2(c3ccc(CCCCCC)cc3)c3cc4c(cc3-c3sc5cc(/C=C6\C(=O)c7ccccc7C6=C(C#N)C#N)sc5c32)C(c2ccc(CCCCCC)cc2)(c2ccc(CCCCCC)cc2)c2c-4sc3cc(/C=C4\C(=O)c5ccccc5C4=C(C#N)C#N)sc23)cc1,7.696639310972922
CCCCCCC(CCCC)CSc1ccc(-c2c3cc(-c4sc(-c5nc6sc(-c7cc(CC(CC)CCCC)c(C)s7)nc6s5)cc4CC(CC)CCCC)sc3c(-c3ccc(SCC(CCCC)CCCCCC)s3)c3cc(C)sc23)s1.CCCCCCC1(CCCCCC)c2cc3c(cc2-c2sc(/C=C4\C(=O)c5ccccc5C4=C(C#N)C#N)cc21)C(CCCCCC)(CCCCCC)c1cc(/C=C2\C(=O)c4ccccc4C2=C(C#N)C#N)sc1-3,9.275589184830078
CCCCC(CC)COC(=O)c1sc2c(-c3cc4c(-c5ccc(CC(CC)CCCC)s5)c5sc(C)cc5c(-c5ccc(CC(CC)CCCC)s5)c4s3)sc(C)c2c1F.CCCCCCc1ccc(C2(c3ccc(CCCCCC)cc3)c3cc4c(cc3-c3sc(-c5ccc(/C=c6/sc(=C(C#N)C#N)n(CCCCCC)c6=O)c6nsnc56)cc32)C(c2ccc(CCCCCC)cc2)(c2ccc(CCCCCC)cc2)c2cc(-c3ccc(/C=c5/sc(=C(C#N)C#N)n(CCCCCC)c5=O)c5nsnc35)sc2-4)cc1,6.288350934675803
CCCCC(CC)COC(=O)c1sc2c(-c3cc4c(-c5ccc(CC(CC)CCCC)s5)c5sc(C)cc5c(-c5ccc(CC(CC)CCCC)s5)c4s3)sc(C)c2c1F.CCCCCCc1ccc(C2(c3ccc(CCCCCC)cc3)c3cc4c(cc3-c3sc(-c5ccc(/C=C6\C(=O)c7ccccc7C6=C(C#N)C#N)s5)cc32)C(c2ccc(CCCCCC)cc2)(c2ccc(CCCCCC)cc2)c2cc(-c3ccc(/C=C5\C(=O)c6ccccc6C5=C(C#N)C#N)s3)sc2-4)cc1,8.040003552991177
CCCCC(CC)COC(=O)c1sc2c(-c3cc4c(-c5ccc(CC(CC)CCCC)s5)c5sc(C)cc5c(-c5ccc(CC(CC)CCCC)s5)c4s3)sc(C)c2c1F.CCCCCCc1ccc(C2(c3ccc(CCCCCC)cc3)c3cc4c(cc3-c3sc(-c5sc(/C=C6\C(=O)c7ccccc7C6=C(C#N)C#N)cc5CCCC)cc32)C(c2ccc(CCCCCC)cc2)(c2ccc(CCCCCC)cc2)c2cc(-c3sc(/C=C5\C(=O)c6ccccc6C5=C(C#N)C#N)cc3CCCC)sc2-4)cc1,8.189591606383324
CCCCC(CC)COC(=O)c1sc2c(-c3cc4c(-c5ccc(CC(CC)CCCC)s5)c5sc(C)cc5c(-c5ccc(CC(CC)CCCC)s5)c4s3)sc(C)c2c1F.CCCCCCc1ccc(C2(c3ccc(CCCCCC)s3)c3cc4c(cc3-c3sc5cc(/C=C6\C(=O)c7ccccc7C6=C(C#N)C#N)sc5c32)C(c2ccc(CCCCCC)s2)(c2ccc(CCCCCC)s2)c2c-4sc3cc(/C=C4\C(=O)c5ccccc5C4=C(C#N)C#N)sc23)s1,9.339082039476022
CCCCCCCCN1C(=O)c2c(c(-c3ccc(-c4cc5c(-c6cc(F)c(CC(CC)CCCC)c(F)c6)c6sc(C)cc6c(-c6cc(F)c(CC(CC)CCCC)c(F)c6)c5s4)s3)c3nn(CCCC(CC)CCCC)nc3c2-c2ccc(C)s2)C1=O.CCCCCCc1ccc(C2(c3ccc(CCCCCC)cc3)c3cc4c(cc3-c3sc5cc(/C=C6\C(=O)c7ccccc7C6=C(C#N)C#N)sc5c32)C(c2ccc(CCCCCC)cc2)(c2ccc(CCCCCC)cc2)c2c-4sc3cc(/C=C4\C(=O)c5ccccc5C4=C(C#N)C#N)sc23)cc1,7.821208310278025
CCCCCCC(CCCC)CSc1c2cc(-c3ccc(-c4c(F)c(F)c(-c5ccc(C)s5)c5nn(SCC(CCCC)CCCCCC)nc45)s3)sc2c(SCC(CCCC)CCCCCC)c2cc(C)sc12.CCCCCCc1ccc(C2(c3ccc(CCCCCC)cc3)c3cc(/C=C4\C(=O)c5ccccc5C4=C(C#N)C#N)sc3-c3c2ccc2c4c(ccc32)C(c2ccc(CCCCCC)cc2)(c2ccc(CCCCCC)cc2)c2cc(/C=C3\C(=O)c5ccccc5C3=C(C#N)C#N)sc2-4)cc1,8.314881181191206
CCCCC(CC)Cc1ccc(-c2c3cc(-c4ccc(-c5sc(-c6ccc(C)s6)c6c5C(=O)c5c(CC(CC)CCCC)sc(CC(CC)CCCC)c5C6=O)s4)sc3c(-c3ccc(CC(CC)CCCC)s3)c3cc(C)sc23)s1.CCCCCCc1ccc(C2(c3ccc(CCCCCC)cc3)c3cc(/C=C4\C(=O)c5ccc(C)cc5C4=C(C#N)C#N)sc3-c3c2ccc2c4c(ccc32)C(c2ccc(CCCCCC)cc2)(c2ccc(CCCCCC)cc2)c2cc(/C=C3\C(=O)c5ccc(C)cc5C3=C(C#N)C#N)sc2-4)cc1,8.392932550368595
CCCCC(CC)Cc1sc(-c2c3cc(-c4ccc(-c5sc(-c6ccc(C)s6)c6c5C(=O)c5c(CC(CC)CCCC)sc(CC(CC)CCCC)c5C6=O)s4)sc3c(-c3cc(Cl)c(CC(CC)CCCC)s3)c3cc(C)sc23)cc1Cl.CCCCCCc1ccc(C2(c3ccc(CCCCCC)cc3)c3cc4c(cc3-c3sc5cc(/C=C6\C(=O)c7cc(F)c(F)cc7C6=C(C#N)C#N)sc5c32)C(c2ccc(CCCCCC)cc2)(c2ccc(CCCCCC)cc2)c2c-4sc3cc(/C=C4\C(=O)c5cc(F)c(F)cc5C4=C(C#N)C#N)sc23)cc1,10.452158469631692
CCCCC(CC)Cc1sc(-c2c3cc(-c4ccc(-c5sc(-c6ccc(C)s6)c6c5C(=O)c5c(CC(CC)CCCC)sc(CC(CC)CCCC)c5C6=O)s4)sc3c(-c3cc(Cl)c(CC(CC)CCCC)s3)c3cc(C)sc23)cc1Cl.CCCCCCc1ccc(C2(c3ccc(CCCCCC)cc3)c3cc4c(cc3-c3sc5cc(/C=C6\C(=O)c7cc(Cl)c(Cl)cc7C6=C(C#N)C#N)sc5c32)C(c2ccc(CCCCCC)cc2)(c2ccc(CCCCCC)cc2)c2c-4sc3cc(/C=C4\C(=O)c5cc(Cl)c(Cl)cc5C4=C(C#N)C#N)sc23)cc1,10.707664482374774
CCCCC(CC)Cc1sc(-c2c3cc(-c4ccc(-c5sc(-c6cccs6)c6c5C(=O)c5c(CC(CC)CCCC)sc(CC(CC)CCCC)c5C6=O)s4)sc3c(-c3cc(F)c(CC(CC)CCCC)s3)c3cc(C)sc23)cc1F.CCCCCCCCc1c2sc3c(c2c(CCCCCCCC)c2sc4c(c12)C(c1ccc(CCCCCC)cc1)(c1ccc(CCCCCC)cc1)c1cc(C=C2C(=O)c5cc(Cl)c(Cl)cc5C2=C(C#N)C#N)sc1-4)C(c1ccc(CCCCCC)cc1)(c1ccc(CCCCCC)cc1)c1cc(C=C2C(=O)c4cc(Cl)c(Cl)cc4C2=C(C#N)C#N)sc1-3,10.346673271527909
CCCCC(CC)Cc1sc(-c2c3cc(-c4ccc(-c5sc(-c6ccc(C)s6)c6c5C(=O)c5c(CC(CC)CCCC)sc(CC(CC)CCCC)c5C6=O)s4)sc3c(-c3cc(F)c(CC(CC)CCCC)s3)c3cc(C)sc23)cc1F.CCCCCCc1ccc(C2(c3ccc(CCCCCC)cc3)c3cc4c(cc3-c3sc5cc(/C=C6\C(=O)c7cc(F)c(F)cc7C6=C(C#N)C#N)sc5c32)C(c2ccc(CCCCCC)cc2)(c2ccc(CCCCCC)cc2)c2c-4sc3cc(/C=C4\C(=O)c5cc(F)c(F)cc5C4=C(C#N)C#N)sc23)cc1,10.3229906258111
CCCCC(CC)Cc1cc(-c2nc3sc(-c4cc(CC(CC)CCCC)c(-c5cc6c(-c7ccc([Si](CCC)(CCC)CCC)s7)c7sc(C)cc7c(-c7ccc([Si](CCC)(CCC)CCC)s7)c6s5)s4)nc3s2)sc1C.CCCCCCc1ccc(C2(c3ccc(CCCCCC)cc3)c3cc4c(cc3-c3sc5cc(/C=C6\C(=O)c7cc(F)c(F)cc7C6=C(C#N)C#N)sc5c32)C(c2ccc(CCCCCC)cc2)(c2ccc(CCCCCC)cc2)c2c-4sc3cc(/C=C4\C(=O)c5cc(F)c(F)cc5C4=C(C#N)C#N)sc23)cc1,10.686865606711963
CCCCC(CC)COC(=O)c1sc2c(-c3cc4c(-c5ccc(CC(CC)CCCC)s5)c5sc(C)cc5c(-c5ccc(CC(CC)CCCC)s5)c4s3)sc(C)c2c1F.CCCCCCc1ccc(C2(c3ccc(CCCCCC)cc3)c3cc(/C=C4\C(=O)c5cc(F)c(F)cc5C4=C(C#N)C#N)sc3-c3cc4ccc5cc6c(c7ccc(c32)c4c57)C(c2ccc(CCCCCC)cc2)(c2ccc(CCCCCC)cc2)c2cc(/C=C3\C(=O)c4cc(F)c(F)cc4C3=C(C#N)C#N)sc2-6)cc1,9.678317477617911
CCCCCCCC[Si]1(CCCCCCCC)c2cc(-c3cc(F)c(C)c4nn(CCCCCC)nc34)sc2-c2sc(-c3cc(F)c(-c4cc5c(s4)-c4sc(C)cc4[Si]5(CCCCCCCC)CCCCCCCC)c4nn(CCCCCC)nc34)cc21.CCCCC(CC)Cn1c2cc(-c3ccc(/C=C4\SC(=S)N(CC)C4=O)c4nsnc34)ccc2c2cc3c(cc21)c1ccc(-c2ccc(/C=C4\SC(=S)N(CC)C4=O)c4nsnc24)cc1n3CC(CC)CCCC,5.379274722096323
CCCCCCCCc1sc(CCCCCCCC)c2c1C(=O)c1c(C)sc(-c3cc4c(-c5ccc(CC(CC)CCCC)s5)c5sc(C)cc5c(-c5ccc(CC(CC)CCCC)s5)c4s3)c1C2=O.CCCCCCc1ccc(C2(c3ccc(CCCCCC)cc3)c3cc4c(cc3-c3sc5cc(/C=C6\C(=O)c7ccccc7C6=C(C#N)C#N)sc5c32)C(c2ccc(CCCCCC)cc2)(c2ccc(CCCCCC)cc2)c2c-4sc3cc(/C=C4\C(=O)c5ccccc5C4=C(C#N)C#N)sc23)cc1,8.802091771824028
CCCCC(CC)Cc1sc(-c2c3sc4cc(C)sc4c3c(-c3cc(F)c(CCCCC(C)CC)s3)c3sc4cc(-c5ccc(-c6sc(-c7ccc(C)s7)c7c6C(=O)c6c(CC(CC)CCCC)sc(CC(CC)CCCC)c6C7=O)s5)sc4c23)cc1F.CCCCCCc1ccc(C2(c3ccc(CCCCCC)cc3)c3cc4c(cc3-c3sc5cc(/C=C6\C(=O)c7ccc(C)cc7C6=C(C#N)C#N)sc5c32)C(c2ccc(CCCCCC)cc2)(c2ccc(CCCCCC)cc2)c2c-4sc3cc(/C=C4\C(=O)c5ccc(C)cc5C4=C(C#N)C#N)sc23)cc1,9.554931587417245
CCCCC(CC)Cc1ccc(-c2c3cc(-c4ccc(-c5sc(-c6ccc(C)s6)c6c5C(=O)c5c(CC(CC)CCCC)sc(CC(CC)CCCC)c5C6=O)s4)sc3c(-c3ccc(CC(CC)CCCC)s3)c3cc(C)sc23)s1.CCCCCCc1ccc(C2(c3ccc(CCCCCC)cc3)c3cc4c(cc3-c3sc(-c5ccc6c(c5)N(CC)C(=O)C6=O)cc32)C(c2ccc(CCCCCC)cc2)(c2ccc(CCCCCC)cc2)c2cc(-c3ccc5c(c3)N(CC)C(=O)C5=O)sc2-4)cc1,5.288709822122097
CCCCC(CC)Cc1ccc(-c2c3cc(-c4ccc(-c5sc(-c6ccc(C)s6)c6c5C(=O)c5c(CC(CC)CCCC)sc(CC(CC)CCCC)c5C6=O)s4)sc3c(-c3ccc(CC(CC)CCCC)s3)c3cc(C)sc23)s1.CCCCCCc1ccc(C2(c3ccc(CCCCCC)cc3)c3cc4c(cc3-c3sc(-c5ccc6c(c5)N(CC)C(=O)/C6=C(/C#N)c5cccs5)cc32)C(c2ccc(CCCCCC)cc2)(c2ccc(CCCCCC)cc2)c2cc(-c3ccc5c(c3)N(CC)C(=O)/C5=C(/C#N)c3cccs3)sc2-4)cc1,6.195209574957541
CCCCC(CC)CC(=O)c1cc(C)sc1-c1ccc(-c2sc(-c3cc4c(-c5cc(F)c(CC(CC)CCCC)s5)c5sc(C)cc5c(-c5cc(F)c(CC(CC)CCCC)s5)c4s3)cc2C(=O)CC(CC)CCCC)s1.CCCCCCc1ccc(C2(c3ccc(CCCCCC)cc3)c3cc4c(cc3-c3sc5cc(/C=C6\C(=O)c7cc(F)c(F)cc7C6=C(C#N)C#N)sc5c32)C(c2ccc(CCCCCC)cc2)(c2ccc(CCCCCC)cc2)c2c-4sc3cc(/C=C4\C(=O)c5cc(F)c(F)cc5C4=C(C#N)C#N)sc23)cc1,10.187103238316615
CCCCC(CC)Cc1ccc(-c2c3cc(-c4ccc(-c5sc(-c6ccc(C)s6)c6c5C(=O)c5c(CC(CC)CCCC)sc(CC(CC)CCCC)c5C6=O)s4)sc3c(-c3ccc(CC(CC)CCCC)s3)c3cc(C)sc23)s1.CCCCC(CC)CC1(CC(CC)CCCC)c2cc(-c3ccc(C=C4C(=O)c5cc(F)ccc5C4=C(C#N)C#N)s3)sc2-c2c1ccc1c3c(ccc21)C(CC(CC)CCCC)(CC(CC)CCCC)c1cc(-c2ccc(C=C4C(=O)c5cc(F)ccc5C4=C(C#N)C#N)s2)sc1-3,9.376525407390211
CCCCCCCCCCC(CCCCCCCC)COC(=O)c1cc(C)sc1-c1cc(F)c(-c2sc(-c3sc(C)cc3C(=O)OCC(CCCCCCCC)CCCCCCCCCC)cc2F)s1.CCCCCCc1ccc(C2(c3ccc(CCCCCC)cc3)c3cc4c(cc3-c3sc5cc(/C=C6\C(=O)c7cc(F)c(F)cc7C6=C(C#N)C#N)sc5c32)C(c2ccc(CCCCCC)cc2)(c2ccc(CCCCCC)cc2)c2c-4sc3cc(/C=C4\C(=O)c5cc(F)c(F)cc5C4=C(C#N)C#N)sc23)cc1,9.9193010763386
CCCCCCCCC(CCCCCC)Cn1nc2c(-c3ccc(C)s3)c(F)c(F)c(-c3ccc(-c4cc5c(-c6cc(F)c(CC(CC)CCCC)c(F)c6)c6sc(C)cc6c(-c6cc(F)c(CC(CC)CCCC)c(F)c6)c5s4)s3)c2n1.CCCCCCc1ccc(C2(c3ccc(CCCCCC)cc3)c3cc(/C=C4\C(=O)c5ccccc5C4=C(C#N)C#N)sc3-c3sc4c(OCC(CC)CCCC)c5c6c(sc5c(OCC(CC)CCCC)c4c32)-c2sc(/C=C3\C(=O)c4ccccc4C3=C(C#N)C#N)cc2C6(c2ccc(CCCCCC)cc2)c2ccc(CCCCCC)cc2)cc1,8.895992843733717
CCCCCCc1cc(-c2sc(-c3sc(-c4sc(C)cc4CCCCCC)cc3CCCCCC)cc2CCCCCC)sc1C.CCCCCCCCn1nc2c(/C=c3\sc(=C(C#N)C#N)n(CC)c3=O)ccc(-c3cc4c(s3)-c3cc5c(cc3C4(c3ccc(CCCCCC)cc3)c3ccc(CCCCCC)cc3)-c3sc(-c4ccc(/C=c6\sc(=C(C#N)C#N)n(CC)c6=O)c6nn(CCCCCCCC)nc46)cc3C5(c3ccc(CCCCCC)cc3)c3ccc(CCCCCC)cc3)c2n1,4.533242854819267
CCCCCCCCC(CCCCCC)COc1ccc(-c2ccc(-c3c4cc(-c5ccc(-c6c(F)c(F)c(-c7ccc(C)s7)c7nn(SCC(CCCC)CCCCCC)nc67)s5)sc4c(-c4ccc(-c5ccc(OCC(CCCCCC)CCCCCCCC)cc5)cc4)c4cc(C)sc34)cc2)cc1.CCCCCCc1ccc(C2(c3ccc(CCCCCC)cc3)c3cc4c(cc3-c3sc5cc(/C=C6\C(=O)c7ccccc7C6=C(C#N)C#N)sc5c32)C(c2ccc(CCCCCC)cc2)(c2ccc(CCCCCC)cc2)c2c-4sc3cc(/C=C4\C(=O)c5ccccc5C4=C(C#N)C#N)sc23)cc1,6.318852773037886
CCCCC(CC)Cc1ccc(-c2c3cc(-c4ccc(-c5sc(-c6ccc(C)s6)c6c5C(=O)c5c(CC(CC)CCCC)sc(CC(CC)CCCC)c5C6=O)s4)sc3c(-c3ccc(CC(CC)CCCC)s3)c3cc(C)sc23)s1.CCCCCCCCC1(CCCCCCCC)c2cc3c(cc2-c2cc4c(cc21)-c1sc(C=C2C(=O)c5cc(C)ccc5C2=C(C#N)C#N)cc1C4(CCCCCCCC)CCCCCCCC)C(CCCCCCCC)(CCCCCCCC)c1cc(C=C2C(=O)c4cc(C)ccc4C2=C(C#N)C#N)sc1-3,8.856261330800285
CCCCC(CC)Cc1ccc(-c2c3cc(-c4ccc(-c5sc(-c6ccc(C)s6)c6c5C(=O)c5c(CC(CC)CCCC)sc(CC(CC)CCCC)c5C6=O)s4)sc3c(-c3ccc(CC(CC)CCCC)s3)c3cc(C)sc23)s1.CCCCC(CC)CC1(CCCCC(C)CC)c2cc(/C=C3\C(=O)c4cc5ccccc5cc4C3=C(C#N)C#N)sc2-c2sc(-c3cc(F)c(-c4cc5c(s4)-c4sc(/C=C6\C(=O)c7cc8ccccc8cc7C6=C(C#N)C#N)cc4C5(CC(CC)CCCC)CC(CC)CCCC)cc3F)cc21,9.491281874613668
CCCCC(CC)COC(=O)c1sc2c(-c3cc4c(-c5ccc(CC(CC)CCCC)s5)c5sc(C)cc5c(-c5ccc(CC(CC)CCCC)s5)c4s3)sc(C)c2c1F.CCCCCCc1ccc(C2(c3ccc(CCCCCC)cc3)c3cc4c(cc3-c3sc5cc(/C=C6\C(=O)c7ccccc7C6=C(C#N)C#N)sc5c32)C(c2ccc(CCCCCC)cc2)(c2ccc(CCCCCC)cc2)c2c-4sc3cc(/C=C4\C(=O)c5ccccc5C4=C(C#N)C#N)sc23)cc1,8.547103422141438
CCCCC(CC)COC(=O)c1sc2c(-c3cc4c(-c5ccc(CC(CC)CCCC)s5)c5sc(C)cc5c(-c5ccc(CC(CC)CCCC)s5)c4s3)sc(C)c2c1F.CCCCCCC1(CCCCCC)c2cc3c(cc2-c2sc(/C=C4\C(=O)c5ccccc5C4=C(C#N)C#N)cc21)C(CCCCCC)(CCCCCC)c1cc(/C=C2\C(=O)c4ccccc4C2=C(C#N)C#N)sc1-3,9.28171706273638
CCCCC(CC)COC(=O)c1sc2c(-c3cc4c(-c5ccc(CC(CC)CCCC)s5)c5sc(C)cc5c(-c5ccc(CC(CC)CCCC)s5)c4s3)sc(C)c2c1F.CCCCCCCCOc1ccc2c(c1)-c1cc(OCCCCCCCC)ccc1C21c2cc(-c3ccc(/C=c4\sc(=C(C#N)C#N)n(CC)c4=O)c4nsnc34)ccc2-c2ccc(-c3ccc(/C=c4\sc(=C(C#N)C#N)n(CC)c4=O)c4nsnc34)cc21,6.597617389535622
CCCCC(CC)Cc1ccc(-c2c3cc(-c4ccc(-c5sc(-c6ccc(C)s6)c6c5C(=O)c5c(CC(CC)CCCC)sc(CC(CC)CCCC)c5C6=O)s4)sc3c(-c3ccc(CC(CC)CCCC)s3)c3cc(C)sc23)s1.CCCCCCCCC(CCCCCC)CC1(CCCCCCCCC(C)CCCCCC)c2cc3c(cc2-c2sc(/C=C4\C(=O)c5ccccc5C4=C(C#N)C#N)cc21)C(CC(CCCCCC)CCCCCCCC)(CC(CCCCCC)CCCCCCCC)c1cc(/C=C2\C(=O)c4ccccc4C2=C(C#N)C#N)sc1-3,9.050565481030134
CCCCC(CC)Cc1ccc(-c2c3cc(-c4ccc(-c5sc(-c6ccc(C)s6)c6c5C(=O)c5c(CC(CC)CCCC)sc(CC(CC)CCCC)c5C6=O)s4)sc3c(-c3ccc(CC(CC)CCCC)s3)c3cc(C)sc23)s1.CCCCCCc1ccc(C2(c3ccc(CCCCCC)cc3)c3cc(/C=C4\C(=O)c5cc(F)c(F)cc5C4=C(C#N)C#N)sc3-c3sc4c5c(sc4c32)-c2sc(/C=C3\C(=O)c4cc(F)c(F)cc4C3=C(C#N)C#N)cc2C5(c2ccc(CCCCCC)cc2)c2ccc(CCCCCC)cc2)cc1,9.992452496508173
CCCCC(CC)Cc1ccc(-c2c3cc(-c4ccc(-c5sc(-c6ccc(C)s6)c6c5C(=O)c5c(CC(CC)CCCC)sc(CC(CC)CCCC)c5C6=O)s4)sc3c(-c3ccc(CC(CC)CCCC)s3)c3cc(C)sc23)s1.CCCCCCc1ccc(C2(c3ccc(CCCCCC)cc3)c3c(sc4cc(/C=C5\C(=O)c6cc(F)c(F)cc6C5=C(C#N)C#N)sc34)-c3sc4c5c(sc4c32)-c2sc3cc(/C=C4\C(=O)c6cc(F)c(F)cc6C4=C(C#N)C#N)sc3c2C5(c2ccc(CCCCCC)cc2)c2ccc(CCCCCC)cc2)cc1,10.063848849169258
CCCCC(CC)Cc1sc(-c2c3cc(-c4ccc(-c5sc(-c6ccc(C)s6)c6c5C(=O)c5c(CC(CC)CCCC)sc(CC(CC)CCCC)c5C6=O)s4)sc3c(-c3cc(Cl)c(CC(CC)CCCC)s3)c3cc(C)sc23)cc1Cl.CCCCCCc1ccc(C2(c3ccc(CCCCCC)cc3)c3cc4c(cc3-c3sc(/C=C5\C(=O)c6ccccc6C5=C(C#N)C#N)cc32)C(c2ccc(CCCCCC)cc2)(c2ccc(CCCCCC)cc2)c2cc(/C=C3\C(=O)c5ccccc5C3=C(C#N)C#N)sc2-4)cc1,9.434222161821182
CCCCC(CC)Cc1sc(-c2c3cc(-c4ccc(-c5sc(-c6ccc(C)s6)c6c5C(=O)c5c(CC(CC)CCCC)sc(CC(CC)CCCC)c5C6=O)s4)sc3c(-c3cc(Cl)c(CC(CC)CCCC)s3)c3cc(C)sc23)cc1Cl.CCCCCCc1ccc(C2(c3ccc(CCCCCC)cc3)c3cc4c(cc3-c3sc(/C=C5\C(=O)c6cc(Cl)c(Cl)cc6C5=C(C#N)C#N)cc32)C(c2ccc(CCCCCC)cc2)(c2ccc(CCCCCC)cc2)c2cc(/C=C3\C(=O)c5cc(Cl)c(Cl)cc5C3=C(C#N)C#N)sc2-4)cc1,10.6581613646158
CCCCC(CC)Cc1sc(CC(CC)CCCC)c2c1C(=O)c1c(-c3ccc(C)s3)sc(-c3ccc(-c4cc5c(-c6cc7cc(B=O)ccc7s6)c6sc(C)cc6c(-c6cc7cc(B=O)ccc7s6)c5s4)s3)c1C2=O.CCCCCCc1ccc(C2(c3ccc(CCCCCC)cc3)c3cc4c(cc3-c3sc5cc(/C=C6\C(=O)c7ccc(C)cc7C6=C(C#N)C#N)sc5c32)C(c2ccc(CCCCCC)cc2)(c2ccc(CCCCCC)cc2)c2c-4sc3cc(/C=C4\C(=O)c5ccc(C)cc5C4=C(C#N)C#N)sc23)cc1,8.694954558373453
CCCCC(CC)Cc1ccc(-c2c3cc(-c4ccc(-c5sc(-c6ccc(C)s6)c6c5C(=O)c5c(CC(CC)CCCC)sc(CC(CC)CCCC)c5C6=O)s4)sc3c(-c3ccc(CC(CC)CCCC)s3)c3cc(C)sc23)s1.CCCCCCC1(CCCCCC)c2cc3c(cc2-c2sc(/C=C4\C(=O)c5ccccc5C4=C(C#N)C#N)cc21)C(CCCCCC)(CCCCCC)c1cc(/C=C2\C(=O)c4ccccc4C2=C(C#N)C#N)sc1-3,9.268433054100313
CCCCC(CC)Cc1ccc(-c2c3cc(-c4ccc(-c5sc(-c6ccc(C)s6)c6c5C(=O)c5c(CC(CC)CCCC)sc(CC(CC)CCCC)c5C6=O)s4)sc3c(-c3ccc(CC(CC)CCCC)s3)c3cc(C)sc23)s1.CCCCCCC1(CCCCCC)c2cc3c(cc2-c2sc(-c4ccc(/C=C5\SC(=S)N(CC)C5=O)c5n[se]nc45)cc21)C(CCCCCC)(CCCCCC)c1cc(-c2ccc(/C=C4\SC(=S)N(CC)C4=O)c4n[se]nc24)sc1-3,8.571840878912028
CCCCCCc1cc(-c2sc(-c3sc(-c4sc(C)cc4CCCCCC)cc3CCCCCC)cc2CCCCCC)sc1C.CCCCCCc1ccc(C2(c3ccc(CCCCCC)cc3)c3cc4c(cc3-c3sc(-c5ccc(/C=C(\C#N)C(=O)OCC)c6nsnc56)cc32)C(c2ccc(CCCCCC)cc2)(c2ccc(CCCCCC)cc2)c2cc(-c3ccc(/C=C(\C#N)C(=O)OCC)c5nsnc35)sc2-4)cc1,4.375158303059954
CCCCC(CC)Cc1ccc(-c2c3cc(-c4ccc(-c5sc(-c6ccc(C)s6)c6c5C(=O)c5c(CC(CC)CCCC)sc(CC(CC)CCCC)c5C6=O)s4)sc3c(-c3ccc(CC(CC)CCCC)s3)c3cc(C)sc23)s1.CCCCCCCCOc1c(-c2ccc(C=C3C(=O)c4cc(F)c(F)cc4C3=C(C#N)C#N)s2)sc2c1C(c1ccc(CCCCCC)cc1)(c1ccc(CCCCCC)cc1)c1cc3c(cc1-2)C(c1ccc(CCCCCC)cc1)(c1ccc(CCCCCC)cc1)c1c-3sc(-c2ccc(C=C3C(=O)c4cc(F)c(F)cc4C3=C(C#N)C#N)s2)c1OCCCCCCCC,9.310664021255699
CCCCC(CC)Cc1sc(-c2c3cc(-c4ccc(-c5sc(-c6ccc(C)s6)c6c5C(=O)c5c(CC(CC)CCCC)sc(CC(CC)CCCC)c5C6=O)s4)sc3c(-c3cc(F)c(CC(CC)CCCC)s3)c3cc(C)sc23)cc1F.CCCCCCc1ccc(C2(c3ccc(CCCCCC)cc3)c3cc4c(cc3-c3sc5cc(/C=C6\C(=O)c7cc(F)c(F)cc7C6=C(C#N)C#N)sc5c32)C(c2ccc(CCCCCC)cc2)(c2ccc(CCCCCC)cc2)c2c-4sc3cc(/C=C4\C(=O)c5cc(F)c(F)cc5C4=C(C#N)C#N)sc23)cc1,10.3229906258111
CCCCCCCCC(CCCCCC)Cn1nc2c(-c3ccc(C)s3)c(F)c(F)c(-c3ccc(-c4cc5c(-c6ccc(OCC(CC)CCCC)cc6)c6sc(C)cc6c(-c6ccc(OCC(CC)CCCC)cc6)c5s4)s3)c2n1.CCCCCCc1ccc(C2(c3ccc(CCCCCC)cc3)c3cc4c(cc3-c3sc5cc(/C=C6\C(=O)c7ccccc7C6=C(C#N)C#N)sc5c32)C(c2ccc(CCCCCC)cc2)(c2ccc(CCCCCC)cc2)c2c-4sc3cc(/C=C4\C(=O)c5ccccc5C4=C(C#N)C#N)sc23)cc1,6.498099741260967
CCCCC(CC)Cc1ccc(-c2c3cc(-c4ccc(-c5sc(-c6ccc(C)s6)c6c5C(=O)c5c(CC(CC)CCCC)sc(CC(CC)CCCC)c5C6=O)s4)sc3c(-c3ccc(CC(CC)CCCC)s3)c3cc(C)sc23)s1.CCCCCCC1(CCCCCC)c2cc(-c3sc(/C=C4\C(=O)c5cc6ccccc6cc5C4=C(C#N)C#N)cc3CC(CC)CCCC)ccc2-c2cc3c(cc21)-c1ccc(-c2sc(/C=C4\C(=O)c5cc6ccccc6cc5C4=C(C#N)C#N)cc2CC(CC)CCCC)cc1C3(CCCCCC)CCCCCC,8.452231804283315
CCCCC(CC)Cc1ccc(-c2c3cc(-c4ccc(-c5sc(-c6ccc(C)s6)c6c5C(=O)c5c(CC(CC)CCCC)sc(CC(CC)CCCC)c5C6=O)s4)sc3c(-c3ccc(CC(CC)CCCC)s3)c3cc(C)sc23)s1.CCCCCCc1ccc(C2(c3ccc(CCCCCC)cc3)c3cc4c(cc3-c3sc5cc(/C=C6\C(=O)c7ccc(C)cc7C6=C(C#N)C#N)sc5c32)C(c2ccc(CCCCCC)cc2)(c2ccc(CCCCCC)cc2)c2c-4sc3cc(/C=C4\C(=O)c5ccc(C)cc5C4=C(C#N)C#N)sc23)cc1,8.804259959945352
CCCCCCCCCN1C(=O)c2c(c(-c3ccc(-c4cc5c(-c6ccc(SCC(CC)CCCC)s6)c6sc(C)cc6c(-c6ccc(SCC(CC)CCCC)s6)c5s4)s3)c3nn(CCCCCCCC)nc3c2-c2ccc(C)s2)C1=O.CCCCCCc1ccc(C2(c3ccc(CCCCCC)s3)c3cc4c(cc3-c3sc5cc(/C=C6\C(=O)c7ccccc7C6=C(C#N)C#N)sc5c32)C(c2ccc(CCCCCC)s2)(c2ccc(CCCCCC)s2)c2c-4sc3cc(/C=C4\C(=O)c5ccccc5C4=C(C#N)C#N)sc23)s1,7.853371617293334
CCCCC(CC)Cc1ccc(-c2c3cc(-c4ccc(-c5sc(-c6ccc(C)s6)c6c5C(=O)c5c(CC(CC)CCCC)sc(CC(CC)CCCC)c5C6=O)s4)sc3c(-c3ccc(CC(CC)CCCC)s3)c3cc(C)sc23)s1.CCCCCCc1ccc(C2(c3ccc(CCCCCC)cc3)c3cc4c(cc3-c3sc5cc(/C=C6\C(=O)c7cc(C)c(C)cc7C6=C(C#N)C#N)sc5c32)C(c2ccc(CCCCCC)cc2)(c2ccc(CCCCCC)cc2)c2c-4sc3cc(/C=C4\C(=O)c5cc(C)c(C)cc5C4=C(C#N)C#N)sc23)cc1,8.906049960656732
CCCCC(CC)COC(=O)c1sc2c(-c3cc4c(-c5ccc(CC(CC)CCCC)s5)c5sc(C)cc5c(-c5ccc(CC(CC)CCCC)s5)c4s3)sc(C)c2c1F.CCCCCCc1ccc(C2(c3ccc(CCCCCC)cc3)c3cc4c(cc3-c3sc5cc(C=C6C(=O)N(CC)C(=S)N(CC)C6=O)sc5c32)C(c2ccc(CCCCCC)cc2)(c2ccc(CCCCCC)cc2)c2c-4sc3cc(C=C4C(=O)N(CC)C(=S)N(CC)C4=O)sc23)cc1,4.096859367558843
CCCCC(CC)Cc1ccc(-c2c3cc(-c4ccc(-c5sc(-c6ccc(C)s6)c6c5C(=O)c5c(CC(CC)CCCC)sc(CC(CC)CCCC)c5C6=O)s4)sc3c(-c3ccc(CC(CC)CCCC)s3)c3cc(C)sc23)s1.CCCCCCc1ccc(C2(c3ccc(CCCCCC)cc3)c3cc4c(cc3-c3sc(C=C5C(=O)N(CC)C(=S)N(CC)C5=O)cc32)C(c2ccc(CCCCCC)cc2)(c2ccc(CCCCCC)cc2)c2cc(C=C3C(=O)N(CC)C(=S)N(CC)C3=O)sc2-4)cc1,4.295269722701906
CCCCC(CC)Cc1ccc(-c2c3cc(-c4ccc(-c5sc(-c6ccc(C)s6)c6c5C(=O)c5c(CC(CC)CCCC)sc(CC(CC)CCCC)c5C6=O)s4)sc3c(-c3ccc(CC(CC)CCCC)s3)c3cc(C)sc23)s1.CCCCCCC(CCCC)CSOc1ccc(C2(c3ccc(OSCC(CCCC)CCCCCC)cc3)c3cc(/C=C4\C(=O)c5ccccc5C4=C(C#N)C#N)sc3-c3c2ccc2c4c(ccc32)C(c2ccc(OSCC(CCCC)CCCCCC)cc2)(c2ccc(OSCC(CCCC)CCCCCC)cc2)c2cc(/C=C3\C(=O)c5ccccc5C3=C(C#N)C#N)sc2-4)cc1,7.823965873130319
CCCCC(CC)Cc1ccc(-c2c3cc(-c4ccc(-c5sc(-c6ccc(C)s6)c6c5C(=O)c5c(CC(CC)CCCC)sc(CC(CC)CCCC)c5C6=O)s4)sc3c(-c3ccc(CC(CC)CCCC)s3)c3cc(C)sc23)s1.CCCCCCCCC1(CCCCCCCC)c2cc3c(cc2-c2cc4c(cc21)-c1sc2cc(/C=C5\C(=O)c6ccccc6C5=C(C#N)C#N)sc2c1C4(CCCCCCCC)CCCCCCCC)C(CCCCCCCC)(CCCCCCCC)c1c-3sc2cc(/C=C3\C(=O)c4ccccc4C3=C(C#N)C#N)sc12,9.173125574866607
CCCCC(CC)COC(=O)c1sc2c(-c3cc4c(-c5ccc(CC(CC)CCCC)s5)c5sc(C)cc5c(-c5ccc(CC(CC)CCCC)s5)c4s3)sc(C)c2c1F.CCCCCCCCC1(CCCCCCCC)c2cc3c(cc2-c2cc4c(cc21)-c1sc2cc(/C=C5\C(=O)c6ccccc6C5=C(C#N)C#N)sc2c1C4(CCCCCCCC)CCCCCCCC)C(CCCCCCCC)(CCCCCCCC)c1c-3sc2cc(/C=C3\C(=O)c4ccccc4C3=C(C#N)C#N)sc12,9.16699000085671
CCCCCCCCC(CCCCCC)CSc1ccc(-c2ccc(-c3c4cc(-c5ccc(-c6c(F)c(F)c(-c7ccc(C)s7)c7nn(CC(CCCCCC)CCCCCCCC)nc67)s5)sc4c(-c4ccc(-c5ccc(SCC(CCCCCC)CCCCCCCC)cc5)cc4)c4cc(C)sc34)cc2)cc1.CCCCCCc1ccc(C2(c3ccc(CCCCCC)cc3)c3cc4c(cc3-c3sc5cc(/C=C6\C(=O)c7ccccc7C6=C(C#N)C#N)sc5c32)C(c2ccc(CCCCCC)cc2)(c2ccc(CCCCCC)cc2)c2c-4sc3cc(/C=C4\C(=O)c5ccccc5C4=C(C#N)C#N)sc23)cc1,7.144618708704441
CCCCCCCCC(CCCCCC)COc1ccc(-c2ccc(-c3c4cc(-c5ccc(-c6c(F)c(F)c(-c7ccc(C)s7)c7nn(SCC(CCCC)CCCCCC)nc67)s5)sc4c(-c4ccc(-c5ccc(OCC(CCCCCC)CCCCCCCC)cc5)cc4)c4cc(C)sc34)cc2)cc1.CCCCCCc1ccc(C2(c3ccc(CCCCCC)cc3)c3cc4c(cc3-c3sc5cc(/C=C6\C(=O)c7ccccc7C6=C(C#N)C#N)sc5c32)C(c2ccc(CCCCCC)cc2)(c2ccc(CCCCCC)cc2)c2c-4sc3cc(/C=C4\C(=O)c5ccccc5C4=C(C#N)C#N)sc23)cc1,6.318852773037886
CCCCCCCCCCC(CCCCCCCC)Cc1cc(-c2c(F)c(F)c(-c3cc(CC(CCCCCCCC)CCCCCCCCCC)c(-c4cc5c(-c6ccc([Si](CCC)(CCC)CCC)s6)c6sc(C)cc6c(-c6ccc([Si](CCC)(CCC)CCC)s6)c5s4)s3)c3nsnc23)sc1C.CCCCCCC1(CCCCCC)c2cc3c(cc2-c2sc(/C=C4\C(=O)c5ccccc5C4=C(C#N)C#N)cc21)C(CCCCCC)(CCCCCC)c1cc(/C=C2\C(=O)c4ccccc4C2=C(C#N)C#N)sc1-3,10.370113912599928
CCCCC(CC)COc1c2cc(-c3ccc(-c4sc(-c5ccc(C)s5)c5c4C(=O)c4c(CC(CC)CCCC)sc(CC(CC)CCCC)c4C5=O)s3)sc2c(OCC(CC)CCCC)c2cc(C)sc12.CCCCCCc1ccc(C2(c3ccc(CCCCCC)cc3)c3cc4c(cc3-c3sc5cc(/C=C6\C(=O)c7ccccc7C6=C(C#N)C#N)sc5c32)C(c2ccc(CCCCCC)cc2)(c2ccc(CCCCCC)cc2)c2c-4sc3cc(/C=C4\C(=O)c5ccccc5C4=C(C#N)C#N)sc23)cc1,8.157974478049336
CCCCC(CC)Cc1ccc(-c2c3cc(-c4ccc(-c5sc(-c6ccc(C)s6)c6c5C(=O)c5c(CC(CC)CCCC)sc(CC(CC)CCCC)c5C6=O)s4)sc3c(-c3ccc(CC(CC)CCCC)s3)c3cc(C)sc23)s1.CCCCCCc1ccc(C2(c3ccc(CCCCCC)cc3)c3cc(/C=C4\C(=O)c5ccc(C)cc5C4=C(C#N)C#N)sc3-c3sc4cc5c6c(sc5cc4c32)-c2sc(/C=C3\C(=O)c4ccc(C)cc4C3=C(C#N)C#N)cc2C6(c2ccc(CCCCCC)cc2)c2ccc(CCCCCC)cc2)cc1,8.788346553049204
CCCCCCCCC(CCCCCC)Cc1ccc(-c2c3cc(-c4ccc(-c5c(F)c(F)c(-c6ccc(C)s6)c6nn(CCCCCCCC)nc56)s4)sc3c(-c3ccc(CCCCCCCCC(C)CCCCCC)s3)c3cc(C)sc23)s1.CCCCCCc1ccc(C2(c3ccc(CCCCCC)cc3)c3cc4c(cc3-c3sc5cc(/C=C6\C(=O)c7ccccc7C6=C(C#N)C#N)sc5c32)C(c2ccc(CCCCCC)cc2)(c2ccc(CCCCCC)cc2)c2c-4sc3cc(/C=C4\C(=O)c5ccccc5C4=C(C#N)C#N)sc23)cc1,7.8552117423166825
CCCCCCCCC(CCCCCC)Cn1nc2c(-c3ccc(C)s3)c(F)c(F)c(-c3ccc(-c4cc5c(-c6ccc(SCC(CC)CCCC)s6)c6sc(C)cc6c(-c6ccc(SCC(CC)CCCC)s6)c5s4)s3)c2n1.CCCCCCc1ccc(C2(c3ccc(CCCCCC)cc3)c3cc4c(cc3-c3sc5cc(/C=C6\C(=O)c7ccccc7C6=C(C#N)C#N)sc5c32)C(c2ccc(CCCCCC)cc2)(c2ccc(CCCCCC)cc2)c2c-4sc3cc(/C=C4\C(=O)c5ccccc5C4=C(C#N)C#N)sc23)cc1,8.44268066724619
CCCCC(CC)Cc1ccc(-c2c3cc(-c4ccc(-c5sc(-c6ccc(C)s6)c6c5C(=O)c5c(CC(CC)CCCC)sc(CC(CC)CCCC)c5C6=O)s4)sc3c(-c3ccc(CC(CC)CCCC)s3)c3cc(C)sc23)s1.CCCCCCc1ccc(C2(c3ccc(CCCCCC)cc3)c3cc(/C=C4\C(=O)c5ccc(C)cc5C4=C(C#N)C#N)sc3-c3sc4c5c(sc4c32)-c2sc(/C=C3\C(=O)c4ccc(C)cc4C3=C(C#N)C#N)cc2C5(c2ccc(CCCCCC)cc2)c2ccc(CCCCCC)cc2)cc1,8.956793352220245
CCCCC(CC)COC(=O)c1sc2c(-c3cc4c(-c5ccc(CC(CC)CCCC)s5)c5sc(C)cc5c(-c5ccc(CC(CC)CCCC)s5)c4s3)sc(C)c2c1F.CCCCCCC1(CCCCCC)c2cc(-c3ccc(/C=C(\C#N)C(=O)OCC)s3)ccc2-c2cc3c(cc21)-c1ccc(-c2ccc(/C=C(\C#N)C(=O)OCC)s2)cc1C3(CCCCCC)CCCCCC,5.903165309466237
CCCCCCCCCCCCSOc1c(OSCCCCCCCCCCCC)c(-c2ccc(-c3cc4c(-c5ccc(SCC(CC)CCCC)cc5)c5sc(C)cc5c(-c5ccc(SCC(CC)CCCC)cc5)c4s3)s2)c2nsnc2c1-c1ccc(C)s1.CCCCCCCCC(CCCCCC)Cn1c2cc(-c3ccc(/C=C4\SC(=S)N(CC)C4=O)c4nsnc34)ccc2c2ccc(-c3ccc(/C=C4\SC(=S)N(CC)C4=O)c4nsnc34)cc21,5.204204291386348
CCCCC(CC)COC(=O)c1sc2c(-c3cc4c(-c5ccc(CC(CC)CCCC)s5)c5sc(C)cc5c(-c5ccc(CC(CC)CCCC)s5)c4s3)sc(C)c2c1F.CCCCCCn1c2cc(-c3ccc(/C=C4\SC(=S)N(CC)C4=O)c4nsnc34)ccc2c2ccc(-c3ccc(/C=C4\SC(=S)N(CC)C4=O)c4nsnc34)cc21,6.078367953007888
CCCCCCc1cc(-c2sc(-c3sc(-c4sc(C)cc4CCCCCC)cc3CCCCCC)cc2CCCCCC)sc1C.CCCCCCCCn1nc2c(/C=C3\SC(=S)N(CC)C3=O)ccc(-c3cc4c(s3)-c3cc5c(cc3C4(c3ccc(CCCCCC)cc3)c3ccc(CCCCCC)cc3)-c3sc(-c4ccc(/C=C6\SC(=S)N(CC)C6=O)c6nn(CCCCCCCC)nc46)cc3C5(c3ccc(CCCCCC)cc3)c3ccc(CCCCCC)cc3)c2n1,3.614656571477979
CCCCCCc1cc(-c2sc(-c3sc(-c4sc(C)cc4CCCCCC)cc3CCCCCC)cc2CCCCCC)sc1C.CCCCCCCCC1(CCCCCCCC)c2cc3c(cc2-c2sc(-c4ccc(/C=C5/SC(=O)N(CC)C5=O)c5nsnc45)cc21)C(CCCCCCCC)(CCCCCCCC)c1cc(-c2ccc(/C=C4/SC(=O)N(CC)C4=O)c4nsnc24)sc1-3,5.123939892050511
CCCCC(CC)Cc1ccc(-c2c3cc(-c4ccc(-c5sc(-c6ccc(C)s6)c6c5C(=O)c5c(CC(CC)CCCC)sc(CC(CC)CCCC)c5C6=O)s4)sc3c(-c3ccc(CC(CC)CCCC)s3)c3cc(C)sc23)s1.CCCCCCCCn1c2cc3c(cc2c2cc4c(cc21)-c1sc(-c2ccc(/C=C5\C(=O)c6ccccc6C5=C(C#N)C#N)s2)cc1C4(c1ccc(CCCCCC)cc1)c1ccc(CCCCCC)cc1)C(c1ccc(CCCCCC)cc1)(c1ccc(CCCCCC)cc1)c1cc(-c2ccc(/C=C4\C(=O)c5ccccc5C4=C(C#N)C#N)s2)sc1-3,7.697821307923661
CCCCC(CC)COc1ccc(-c2nc3c(-c4ccc(C)s4)c(F)c(F)c(-c4ccc(-c5cc6c(-c7ccc(SCC(CC)CCCC)cc7)c7sc(C)cc7c(-c7ccc(SCC(CC)CCCC)cc7)c6s5)s4)c3nc2-c2ccc(OCC(CC)CCCC)c(F)c2)cc1F.CCCCCCc1ccc(C2(c3ccc(CCCCCC)cc3)c3cc4c(cc3-c3sc5cc(/C=C6\C(=O)c7ccccc7C6=C(C#N)C#N)sc5c32)C(c2ccc(CCCCCC)cc2)(c2ccc(CCCCCC)cc2)c2c-4sc3cc(/C=C4\C(=O)c5ccccc5C4=C(C#N)C#N)sc23)cc1,8.42260455524856
CCCCC(CC)COC(=O)c1sc2c(-c3cc4c(-c5ccc(CC(CC)CCCC)s5)c5sc(C)cc5c(-c5ccc(CC(CC)CCCC)s5)c4s3)sc(C)c2c1F.CCCCCCc1ccc(C2(c3ccc(CCCCCC)cc3)c3cc4c(cc3-c3sc(-c5sc(/C=C6\C(=O)c7cc(F)c(F)cc7C6=C(C#N)C#N)cc5OCC(CC)CCCC)cc32)C(c2ccc(CCCCCC)cc2)(c2ccc(CCCCCC)cc2)c2cc(-c3sc(/C=C5\C(=O)c6cc(F)c(F)cc6C5=C(C#N)C#N)cc3OCC(CC)CCCC)sc2-4)cc1,9.428480779568176
